sno,is_number,year,title,
1,IS 12942,2018,Cigarettes - Sampling (Third Revision),
2,IS 11721,2013,Dried Milk and Dried milk products - Determination of Fat Content - Gravimetric Method (Reference Method),
3,IS 11762,2013,Evaporated Milk and Sweetened Condensed Milk - Determination of Fat Content - Gravimetric Method (Reference Method),
4,IS 8707,2013,"Mancozeb, Technical - Specification",
5,IS/ISO 22005,2007,Traceability in the Feed and Food Chain - General Principles and Basic Requirements for Systems Design and Implementation,
6,IS 12912,1990,Bromadiolone RB,
7,IS 16068,2013,Microbiology of Food and Animal Feeding Stuffs - Horizontal Method for the Enumeration of Mesophilic Lactic Acid Bacteria - Colony- Count Technique at 30oC,
8,IS 16118,2013,Strawberries - Guide to Cold Storage,
9,IS 16122 - (Active),2013,Microbiology of Food and Animal Feeding Stuffs - General Requirements and Guidance for Microbiological Examinations) - (Vaild upto 09 January 2027),
10,IS/ISO/TS 22002 : Part 1 ,2009,Prerequisite Programmes on Food Safety Part 1 Food Manufacturing,
11,IS 1005,1992,Edible Maize Starch (Corn Flour),
12,IS 10254,1982,Share for Animal-drawn Ridger,
13,IS 11261 : Part 1,1985,"Methods for assessment of post harvest grain losses by rodents: Part 1 General considerations, direct measurement techniques and biological aspects of survey procedures",
14,IS 11261 : Part 2,1985,Method for Assessment of Post-harvest Grain Losses by Rodents - Part 2 : Loss Determination by Population Assessment and Estimation Procedures,
15,IS 11816 : Part 1,2010,Storage of Cereals and Pulses Part 1 General Recommendations for the Keeping of Cereals,
16,IS 11816 : PART 2,2009,Storage of Cereals and Pulses Part 2 Practical Recommendations,
17,IS 11816 : Part 3,2018,Storage of Cereals and Pulses Part 3 Control of Attack by Pests ( First Revision ),
18,IS 11820,2004,Tobacco and Tobacco Products - Determination of Organochlorine Pesticide Residues - Gas Chromatographic Method,
19,IS 11821 : Part 1,2019,Tractors for Agriculture and Forestry - Roll-Over Protective Structures ( ROPS ) Part 1 Dynamic Test Method and Acceptance Conditions ( Second Revision ),
20,IS 11821 : Part 2,2018,Method of Tests and Acceptance Conditions for Protective Structures of Agricultural Tractors Part 2 Static Test ( Second Revision ),
21,IS 8701,2013,"Temephos, Technical",
22,IS 15969,2013,"Sucralose,Food Grade",
23,IS 15970,2013,"Acesulfame Potassium, Food Grade",
24,IS 15982,2013,"Tricyclazole,Technical",
25,IS 16069 : Part 2,2013,Microbiology of Food and Animal Feeding Stuffs - Horizontal Method for the Enumeration of Yeasts and Moulds Part 2 Colony Count Technique in Products with Water Activity Less than or Equal to 0.95,
26,IS 16079 : Part 1,2013,Animal Feeding Stuffs - Determination of the Content of Fatty Acids Part 1 Preparation of Methyl Esters,
27,IS 16079 : Part 2,2013,Animal Feeding Stuffs - Determination of the Content of Fatty Acids Part 2 Gas Chromatographic Method,
28,IS 16080,2013,"Animal Feeding Stuffs, Animal Products and Faeces or Urine - Detremination of Gross Calorific Value - Bomb Calorimeter Method",
29,IS 16141,2013,"Pyriproxyfen, Technical",
30,IS 16145,2013,Fipronil Suspension Concentrate (SC),
31,IS 11427,2001,Fish and Fisheries Products - Sampling,
32,IS 11429,1985,Methods for calibration of sprayers,
33,IS 11968,2019,Pet Food for Dogs and Cats - Specification ( First Revision ),
34,IS 11976,1986,"Sugarcane Planter, Semi- automatic",
35,IS 14133,2013,Beekeeper&apos;s Kit,
36,IS 1515,2013,Beehives,
37,IS 1735 : Part 2,2013,Beehives Stand - Part 2 Fixed Type,
38,IS 15858,2013,Cotton Seed Delinting Machinery - Delinting Machine With Electrical Heating and Hydraulic System,
39,IS 15859,2013,Cotton Seed Delinting Machinery - Buffing Machine with Air Jet and Nylon Brush,
40,IS 15860,2013,Cotton Seed Delinting Machinery - Ammonia Cotton Seed Neutralizer Machine With Ammonia Vaporizer,
41,IS 15861,2013,"Cotton Seed Delinting Machinery - Pollution Control System with Scrubber, Cyclone, Chimney, Hoods and Ducting",
42,IS 15862,2013,Cotton Seed Delinting Machinery - HCI Gas Generation Unit,
43,IS 15984,2013,"Indoxacarb, Technical",
44,IS 16069 : Part 1,2013,Microbiology of Food and Animal Feeding Stuffs - Horizontal Method for the Enumeration of Yeasts and Moulds Part 1 Colony-Count Technique in Products with Water Activity Greater than 0.95,
45,IS 16092,2013,Instant Coffee - Determination of Loss in Mass at 70o C Under Reduced Pressure,
46,IS 8498,2013,Temephos Emulsifiable Concentrates (EC),
47,IS 15983,2013,"Thiamethoxam,Technical",
48,IS 7252,2013,Fruits And Vegetables - Physical Conditions in Cold Stores - Definitions and Measurement,
49,IS 9253,2013,Agricultural Wheeled Tractors - Field Performance and Haulage Tests - Guidelines,
50,IS 8222,1976,Edible Leaf Protein Concentrate,
51,IS 15981,2013,"Acetamiprid, Technical - Specification",
52,IS 15985,2013,"Tricyclazole, Wettable Powder (WP) - Specification",
53,IS 16116,2013,Coconut Milk Powder - Specification,
54,IS 16117,2013,Chilgoza Nuts - Specification,
55,IS 7750,2013,Cashew Kernels - Specification,
56,IS 16056,2013,Liquid Sugar - Specification,
57,IS 14325,2013,Bypass Protein Feed For Cattle,
58,IS 2152,2013,Maize Gluten as Livestock Feed Ingredient,
59,IS 7236,2013,Coffee and Coffee products - Vocabulary,
60,IS 7835,2013,Edible Medium-fat Soya Flour,
61,IS 7837,2013,Edible Full-fat Soya Flour,
62,IS 9038,1979,Reconstitutable Protein Beverage Food,
63,IS 16066,2017,Street Food Vendors - Food Safety Requirements,
64,IS 16028,2012,Coffee And Coffee Products - Determination Of The Caffeine Content Using High Performance Liquid Chromatography (hplc) - Reference Method,
65,IS 16029,2012,Roasted Ground Coffee - Determination Of Moisture Content - Karl Fischer Method (reference Method),
66,IS 16033,2012,Instant Coffee - Determination Of Free-flow And Compacted Bulk Densities,
67,IS 16027,2012,Tea and Instant Tea in Solid form- Determination of Caffeine Content - Method Using High - Performance Liquid Chromatography,
68,IS 16030,2012,Roasted Ground Coffee - Determination of Moisture Content - Method by Determination of Loss in Mass at 103Â° C (Routine Method),
69,IS 16031,2012,Instant Coffee - Determination of Free and Total Carbohydrate Contents - Method Using High - Performance Anion - Exchange Chromatography,
70,IS 16032,2012,Green Coffee - Defect Reference Chart,
71,IS 16034,2012,Green Coffee - Determination of Loss in Mass at 105Â° C,
72,IS 16035,2012,Instant Coffee - Sampling Method for Bulk Units with Liners,
73,IS 16036,2012,Green Coffee - Preparation of Samples for Use in Sensory Analysis,
74,IS 16037,2012,Green Coffee - Olfactory and Visual Examination and Determination of Foreign Matter and Defects,
75,IS 16038,2012,Green Coffee - Determination of Proportion of Insect-Damaged Beans,
76,IS 16040,2012,Green Coffee - Determination of Water Content - Basic Reference Method,
77,IS 16041,2012,Tea - Determination of Crude Fibre Content,
78,IS/ISO 11919,2012,Caseins - Determination of &quot;Fixed Ash&quot; (Reference Method),
79,IS 15925,2012,"Walk-Behind Powered Rotary Tillers - Definitions, Safety Requirements and Test Procedures",
80,IS 10059,1981,Edible Fish Powder,
81,IS 1006,1984,Arrowroot Starch,
82,IS 10065,1981,Roasted Groundnut (Peanut) Kernels,
83,IS 1007,1984,Custard Powder,
84,IS 1008,2004,Sugar Boiled Confectionery,
85,IS 10083,1982,Method Of Test For Determination Of Snf(Solids Not Fat) In Milk By The Use Of Lactometers,
86,IS 10029,1981,Methods for sensory evaluation of sweetened condensed milk,
87,IS 10030,1981,Methods For Sensory Evaluation Of Milk Powder,
88,IS 10038,1981,Textured Plant Protein Foods Prepared By Extrusion Cooking,
89,IS 10017,1981,Code of practice for construction of cocoa beans storage structures,
90,IS 1011,2002,Biscuits,
91,IS 10119,1982,Ready-to-use Insecticides For Spot Application,
92,IS 10134,1994,Methods Of Tests For Manually Operated Sprayers,
93,IS 10169,1982,Methods for determination of carbaryl residues in fruits and vegetables,
94,IS 10225,1982,Bearing Spools for Tractor- operated Disc Harrows,
95,IS 10226 : Part 1 -(Active)  ,1982,Method for determination of crude fibre content: Part 1 General method - (Vaild upto 23 December 2026),
96,IS 10226 : Part 2 -(Active)  ,1982,Method for Determination of Crude Fibre Content in Food Products - Part II : Modified Scharrer Method - (Vaild upto 23 December 2026),
97,IS 10233,1982,Tractor-operated Disc Ploughs,
98,IS 10239,1982,Blade for Tractor-operated Scraper,
99,IS 10243,1993,"2, 4-D Ethyl Ester EC",
100,IS 10244,1992,"2, 4-D Ethyl Ester WP",
101,IS 10252,1982,Canned Carrot in Brine,
102,IS 10253,1982,Canned Papaya in Syrup,
103,IS 10273 - (Active),1987,"Guidelines for Declaration of Power and Specific Fuel Consumption, and Labelling of Agricultural Tractors (First Revision) - (Vaild upto 14 November 2026)",
104,IS 10274,1993,Agricultural Wheeled Tractors - Maximum Travel Speed - Method of Determination,
105,IS 10281,1982,Method for senosry evaluation of processed cheese,
106,IS 10318,2002,Agricultural Tural Tractors and Machinery - Power Take-Off Drive Shafts and Position of Power-Input Connection,
107,IS 10319,1982,Ethion Emulsifiable Concentrates,
108,IS 1035,1972,Methods of sampling and test for bleaching earths (Incorporated Amendement No. 1),
109,IS 10369,1982,"Ethion, Technical",
110,IS 10382,1982,Edible Egg Albumen Powder,
111,IS 10500,2012,Drinking water,
112,IS 10501,1983,Kulfi,
113,IS 10502,2018,"Guar Gum, Food Grade - Specification (Second Revision)",
114,IS 1051,1980,Pyrethrum Extracts,
115,IS 10597,1983,Soluble Starch Phosphate (Edible Grade),
116,IS 10619,1983,"Seasoned, Spiced and Sweetened Cashewnuts",
117,IS 10621,1983,Jelebi Mix,
118,IS 10627,1983,Methods for Sampling of Pesticidal Formulations,
119,IS 10629,1983,"Methods for determination of Aldicarb residues in crops, soil and water",
120,IS 10630,1983,Methods for Determination of Methyl Parathion Residues in Foods,
121,IS 10633,2017,Vanaspati - Specification (Third Revision),
122,IS 10634,1986,Bakery Shortening,
123,IS 10641,1983,Recommended methods for determination of aroma and taste thresholds,
124,IS 10642,1983,General guidelines for consumer sensory evaluation of foods and beverages,
125,IS 10666,2018,Tobacco and Tobacco Products - Cigarette Filters - Specification,
126,IS 10672,1983,Mineral Mixtures for Supplementing Sheep and Goat Feeds,
127,IS 10691,1983,Share for Tractor-operated Mouldboard Ploughs,
128,IS 10697,1983,Chicken Canned in Brine,
129,IS 10698,1983,Method for determination of thermal diffusivity of foodgrains,
130,IS 10699,1983,Method for determination of specific heat of foodgrains,
131,IS 10741,1983,Ambadi (Hibiscus Cannabinus) Cake as Livestock Feed Ingredient,
132,IS 10743,1983,Method for Determination of Centre of Gravity of Agricultural Tractors,
133,IS 10759,1983,Brewer's Yeast,
134,IS 10760,1983,Mussels Canned in Oil,
135,IS 10762,1983,Tuna Canned in Curry,
136,IS 10763,1983,Frozen Minced Fish Meat,
137,IS 10768,1984,Method of test for quality characteristics of pulses,
138,IS 10769,1984,Wheat Porridge,
139,IS 10770,1984,Beaten Rice,
140,IS 10799,1999,"Irrigation Equipment - Design, Installation and Field Evaluation of Microirrigation Systems - Code of Practice",
141,IS 10814,1984,Method for sampling green coffee in bags,
142,IS 10900,1984,Fortified Barley Powder,
143,IS 10903,1984,Paushtik Barley Powder,
144,IS 10907,1984,Code for design of farm drainage tile or pipe system,
145,IS 10931,2023,Lauric Acid &mdash; Specification,
146,IS 10932,1984,Palmitic Acid,
147,IS 10933,1984,Myristic Acid,
148,IS 10946,1996,Methods of Sampling for Technical Grade Pesticides,
149,IS 10974 : Part 1,1984,"Code For Hygienic Conditions For Production, Transport, Storage And Distribution Of Indigenous Milk Products: Part 1 Khoa And Khoa Based Sweets",
150,IS 10974 : Part 2,1984,"Code For Hygienic Conditions For Production, Transport, Storage And Distribution Of Indigenous Milk Products: Part 2 Dahi",
151,IS 10974 : Part 3,1984,"Code For Hygienic Condition For Production, Transport, Storage And Ditribution Of Indigenous Milk Products: Part 3 Coagulated Products Chhana And Chhana Based Sweetmeats",
152,IS 10974 : Part 4,1984,"Code For Hygienic Conditions For Production Transport, Storage And Distribution Of Indigenous Milk Products: Part 4 Frozen Products, Kulfi",
153,IS 10974 : Part 5,1984,"Code for hygienic conditions for production, transport, storage and distribution of indigenous milk products: Part 5 Fermented products SHRIKHAND(BI-LINGUAL)",
154,IS 11007,1984,"Methabenzthiazuron, Technical",
155,IS 11008,1984,Methabenzthiazuron Water Dispersible Powder Concentrates,
156,IS 11020,1984,"Methods for determination of carbofuran residues in crops, soil and water",
157,IS 11021,2004,Methods for Determination of Dimethoate Residues in Food Commodities,
158,IS 11062,2019,Method for Estimation of Total Dietary Fibre in Foodstuffs ( First Revision ),
159,IS 11068,1984,Criteria for Edibility of Oils and Fats,
160,IS 11069,2018,"Refined, Bleached, Hydrogenated, Winterized and Deodorized (RBHWD) Soybean oil- Speciifcation",
161,IS 11077,1984,Glossary of Terms on Soil and Water,
162,IS 11151,1984,"Barium Carbonate, Pesticidal Grade",
163,IS 11201,2018,Cane Crushing Rollers for Sugar Industry - Specification (First Revision),
164,IS 11202,2012,Dried Milk - Determination Of Content Of Lactic Acid And Lactates,
165,IS 11204,1985,Sugarcane Harvesting,
166,IS 11231,1985,Milk bread,
167,IS 11234,1985,Test code for power thresher for groundnut,
168,IS 11235,1985,"Test code for groundnut digger, animal drawn",
169,IS 11269,1985,Axle Assembly for Conventional Animal-drawn Vehicles,
170,IS 11270,1985,Technical requirements for ring-type hitches for agricultural trailers,
171,IS 11271,1985,Groundnut Planter,
172,IS 11272,1985,Glossary of terms relating to horticultural equipment,
173,IS 11300,2011,Spices and Condiments - Caraway Seeds,
174,IS 11301,1985,Methods for determination of phosalone residues in food commodities,
175,IS 11313,2007,Hydraulic Power Sprayers,
176,IS 11374,1985,Methods for determination of monocrotophos residues in foods,
177,IS 11396,1985,Test methods for determination of storability (safe storage life) of foodgrains,
178,IS 11454,1985,Method for measurement of carbondioxide in the inter granular atmosphere,
179,IS 11467,1985,Test code for cereal harvesting machines,
180,IS 11473,2002,Groundnut Decorticator - Test Code,
181,IS 11476,1985,Glossary of terms relating to oils and fats,
182,IS 11493,1986,Glossary of terms relating to farm drainage,
183,IS 11494,1986,Code for construction and maintenance of surface farm drainage systems,
184,IS 11495,1986,Code for design of surface farm drainage system,
185,IS 11531,1985,Test code for puddler,
186,IS 11535,1986,Method of test for determination of glycosidic hydrocyanic acid in pulses,
187,IS 11546,2012,Milk and Milk Products - Guidance on Sampling,
188,IS 1158,1973,Corn Flakes,
189,IS 11581,1986,Edible Cottonseed Flour Prepared by Liquid Cyclone Process,
190,IS 11605,2018,Specification for Woven ( Mesh ) Type Supporting Liners for Batch Type Centrifugal Machines Used in Sugar Industry ( First Revision ),
191,IS 11622,1986,Method for determination of total solids content in condensed milk,
192,IS 11624,2019,Quality of Irrigation Water - Guidelines ( First Revision ),
193,IS 1164,1986,Cocoa Powder,
194,IS 11674,1986,Method for determination of residual solvent in oilseed flours and meals by modified Pensky Martens closed tester,
195,IS 11686,1997,"Isopropyl Alcohol, Food Grade",
196,IS 11691 - (Active),1986,"Power Thresher, Spike Tooth Type - (Vaild upto 28 February 2027)",
197,IS 11730,1986,"Glossary Of Terms For Cocoa, Chocolate And Its Products",
198,IS 11746,1986,"Luncheon Beef, Canned",
199,IS 11747,1986,"Corned Beef, Canned",
200,IS 11748,1986,"Meat Extract (Beef), Food Grade",
201,IS 11763,2011,Cheese And Processed Cheese Products - Determination Of Chloride Content - Potentiometric Titration Method,
202,IS 11764,2005,Sweetened Condensed Milk - Determination Of Sucrose Content - Polarimetric Method,
203,IS 11765,2017,Dried Milk - Determination of Titratable Acidity (Reference Method) (First Revision),
204,IS 11766,1986,Method For Determination Of Titratable Acidity In Milk Powder And Similar Products (routine Method),
205,IS 11771,1986,Soup Stock Medium (beef),
206,IS 11773,2003,Method For Determination Of Ethion Residues In Food Commodities,
207,IS 11774,1986,Method For Determination Of Dichlorvos Residues In Food Commodities,
208,IS 11785,1986,Captan (Wettable Powder) WP,
209,IS 11786,1986,Recommendations For Cattle Housing For An Average Farmer,
210,IS 11799,2005,Recommendations For Cattle Housing For A Rural Milk Producer,
211,IS 11888,2005,Casiens And Caseinated - Determination Of Contents Of Scorched Particles And Of Extraneous Matter,
212,IS 11893,1986,"Potato Planter, Semi-automatic",
213,IS 11911,1986,"Caffeine, Food Grade",
214,IS 11917,2018,Milk and Milk Products - Determination of Nitrogen Content - Kjeldahl Principle and Crude Protein Calculation ( First Revision ),
215,IS 11918,2017,Caseins and Caseinates - Determination of pH (Reference Method) (First Revision),
216,IS 11919,1987,Method For Determination Of Fixed Ash In Caseins (reference Method),
217,IS 11920,2012,Cassein and Caseinates - Determination of Moisture Content (Reference Method),
218,IS 11942,1986,Recommendations for Gaushalas and Other Organized Milk Producers,
219,IS 11962,2012,Rennet Caseins and Caseinates- Determination of Ash (Reference Method),
220,IS 11963,2005,Caeins and Caseinates - Determination of Lactose Content - Photometric Method,
221,IS 11964,2012,Caseins - Determination of Free Acidity (Reference Method),
222,IS 11966,1997,Garlic - Guide to cold storage,
223,IS 11996,1987,Deltamethrin EC,
224,IS 11997,1987,Fenvalerate EC,
225,IS 12003,1987,"Fenvalerate, Technical",
226,IS 12004 - (Active),1987,Specification for Isoproturon Technical - (Vaild upto 18 August 2026),
227,IS 12005,1987,"Deltamethrin, Technical",
228,IS 12014 : Part 1,1986,Methods for Determination of Organic Preservatives in Foodstuffs - Part 1 : Benzoic Acid and its Salts,
229,IS 12014 : Part 2,1986,Methods for Determination of Organic Preservatives in Foodstuffs - Part 2 : Propionic Acid and Its Salts,
230,IS 12014 : Part 3,1986,Methods for Determination of Organic Preservatives in Foodstuffs - Part 3 : Sorbic Acid and Its Salts,
231,IS 12015,1987,Cypermethrin Technical,
232,IS 12016,1987,Cypermethrin EC,
233,IS 12017,1987,Cypermethrin Technical Concentrate,
234,IS 12029,2023,Acid Oil &mdash; Specification,
235,IS 12047,1987,"Oil Seed Cookers/Kettles, Horizontal Type",
236,IS 12067,2023,Palm Fatty Acids &mdash; Specification,
237,IS 12068,1987,Rice Bran Fatty Acids,
238,IS 12069,2023,Coconut Fatty Acids,
239,IS 12741,1989,Bakery Prooducts - Methods of Sampling,
240,IS 13046,1991,Sweet Potato Flour,
241,IS 13064,1991,Power tillers - Installation and preventive maintenance - Guidelines,
242,IS 13513,1992,"2, 4-D Ethyl Ester Granules",
243,IS 13539,2018,Power Tiller - Recommendations on Selected Performance and Other Characteristics ( Second Revision ),
244,IS 12113,1987,"Ferrous Sulphate Heptahydrate, Agricultural Grade",
245,IS 12124,2023,Rubberseed Fatty Acids,
246,IS 12162,1987,Lifting Hook,
247,IS 12163,1987,Cant Hook,
248,IS 12164,1987,Log Tongs,
249,IS 12191,1987,Felling Wedges,
250,IS 12199,1987,Pneumatic-wheeled Animal Drawn Vehicle(BI-LINGUAL),
251,IS 12220,1987,Ready Gulab Jamun Mix,
252,IS 12226 - (Active),1995,Agricultural Tractors - Power Tests for Drawbar - Test Procedure (First Revision) - (Vaild upto 14 November 2026),
253,IS 1223,2001,Apparatus for Determination of Milk Fat by Gerber Method,
254,IS 12230,1987,Sandwich Bread Moulds,
255,IS 12232 : Part 1,1996,Irrigation equipment - Rotating sprinkler: Part 1 Design and operational requirements,
256,IS 12232 : Part 2,1995,Irrigation equipment - Rotating sprinkler: Part 2 Test method for uniformity of distribution,
257,IS 12237,1987,Recommendations for loose housing systems of animals,
258,IS 12239 : Part 1,2018,Guide for Safety and Comfort of Operator of Agricultural Tractors and Power Tillers Part 1 General Requirements ( Second Revision ),
259,IS 12239 : Part 2,1999,Tractors and Machinery for Agriculture and Forestry - Technical Means for Ensuring Safety - Part 2 : Tractors,
260,IS 12239 : Part 3,1988,Guide for safety and comfort of operator of agricultural traactors and power tillers: Part 3 Requirements relating to power tillers,
261,IS 1224 : Part 2,1977,Determination of fat by the gerber method: Part 2 Milk products,
262,IS 13895,1994,Spices and Condiments - Tamarind Powder,
263,IS 2154,2014,Coconut Oilcake as Livestock Feed Ingredient Specification,
264,IS 12333,2017,"Milk, Cream and Evaporated Milk - Determination of Total Solids Content (Reference Method) (Second Revision)",
265,IS 12334,1988,Tractor Mounted Bund Former,
266,IS 12335,1988,Method for determination of propoxur residues in food commodities,
267,IS 12336,1988,Method for determination of diazinon residues in food commodities,
268,IS 12342 : Part 1,1988,Raw Seaweeds - Part 1 : Agarophytes,
269,IS 12342 : Part 2,1988,Raw Seaweeds - Part 2 : Alginophytes,
270,IS 12361,2023,Partially Hydrogenated Rice Bran Fatty Acids,
271,IS 12362 : Part 1,2007,Agricultural vehicles - Mechanical connections between towed and towing vehicles : Part 1 Dimensions of Hitch-hooks,
272,IS 12365,1988,Method for determination of chlorpyrifos residues in food commodities,
273,IS 12371,1988,Technical requirements for single acting telescopic tipping cylinders for agricultural trailers,
274,IS 12409,1988,Garden Sword,
275,IS 12410 - (Active),1988,Terminology related to soil reclamation - (Vaild upto 02 December 2026),
276,IS 12451,1988,Margarine,
277,IS 12482,1988,Methods of Test for Manually Operated Dusters,
278,IS 1251 - (Active),1988,"Specification for Zinc Phosphide, Technical - (Vaild upto 18 August 2026)",
279,IS 12516 : Part 1,2017,Methods for Determination of Physical Characteristics of Doughs Made from Wheat Flour Part 1 Water Absorption and Rheological Properties Using a Farinograph (Second Revision),
280,IS 12516 : Part 2,2017,Methods for Determination of Physical Characteristics of Doughs Made from Wheat Flour Part 2 Rheological Properties Using an Extensograph (Second Revision),
281,IS 12516 : Part 3,1988,Method for Determination of Physical Characteristics of Doughs Made from Wheat Flour: Part 3 Water Absorption and Rheological Properties Using a Valorigraph,
282,IS 12516 : Part 4,1996,Method for Determination of Physical Characteristics of Doughs Made from Wheat Flour: Part 4 Rheological Properties Using an Alveograph,
283,IS 12529,1988,Storage Of Foodgrains - Storage Losses By Insects - Methods For Estimation,
284,IS 12541,1988,"Meat and Meat Products - Poultry - Chicken Curry, Canned",
285,IS 12542,1988,"Meat and Meat Products - Canned Ham, Minced",
286,IS 12543,1988,Meat and Meat Products - Poultry Products - Canned Egg Curry,
287,IS 12544,1988,Carbonated Beverages - Non- alcoholic Beer,
288,IS 12561,1988,Poultry Products - Pickled Quail Eggs,
289,IS 12564,1989,Fried Jack Fruit Chips,
290,IS 12566,1989,Ready-to-eat Extruded Snacks,
291,IS 12569,1989,Potato French Fries,
292,IS 12574,1989,Fried Banana Chips,
293,IS 12575,2010,Fried Potato Chips,
294,IS 12609,1989,Pesticides - Determination of Residues in Foods - Fenthion,
295,IS 12610,1989,Pesticides - Determination of Residues in Foods - Phosphamidon,
296,IS 12611,1989,Pesticides - Determination of Residues in Foods and Water - Endosulfan,
297,IS 12616,1989,"Pesticides - Residues in foods - Cypermethrin, Deltamethrin, Fenvalerate and Permethrin - Method for determination",
298,IS 12627,1989,"Forestry Tools - Loop Handles, Two-men Cross Cut Saws",
299,IS 12651,1989,Forestry tools - Setting anvil for raker toothed two-men cross cut saws,
300,IS 12652,1989,Forestry tools - Raker adjuster- cum-setting iron for two-men cross cut saws,
301,IS 12653,1989,Rubber Tapping Tools - Coagulation Tray,
302,IS 12685,1989,"Pesticides - Pendimethalin, Technical",
303,IS 12696,1989,"Forestry tools - Setting pliers, bow saw blade",
304,IS 12697,1989,"Forestry Tools - Setting Hammer, Raker Toothed Two- Men Cross Cut Saws",
305,IS 12698,1989,Forestry Tools - Tree Marking Digit Set,
306,IS 12702,1989,Pesticides - Pendimethalin Granules,
307,IS 12703,1989,Forestry Tools - Tree Marking Hammers,
308,IS 12704,1989,Wooden Jointer for Bow-saw Blades,
309,IS 12711,1989,Bakery Products - Methods of Analysis,
310,IS 12751,1989,Pesticides - Pendimethalin EC,
311,IS 12756,2019,Cheese and Processed Cheese Products - Determination of Total Phosphorus Content - Molecular Absorption Spectrometric Method ( First Revision ),
312,IS 12757,2012,Cheese and Processed Cheese Products - determination of Citric Acid Content - Enzymatic Method,
313,IS 12759,2019,Dried Milk and Dried Milk Products - Determination of Insolubility Index ( First Revision ),
314,IS 12760,2012,"Milk and Milk Products - Determination of Calcium, Sodium, Potassium and Magnesium Contents - Atomic Absorption Spectrometric Method",
315,IS 12895,1990,"Alga Spirulina, Food Grade",
316,IS 12899,1989,"Dairy Products - Yoghurt, Enumeration of Specific Lactic Acid Bacteria - Method of Test",
317,IS 12913,1990,Bromadiolone CB,
318,IS 12914,1990,"Bromadiolone, Technical",
319,IS 12915,1990,"Acephate, Technical",
320,IS 12916,1990,Acephate SP,
321,IS 12917 : Part 1,1990,"Farm Transport Equipment- conventional Animal Drawn Vehicle - Part 1 : Cattle, Donkey and Mule",
322,IS 12917 : Part 2,1991,Farm Transport Equipment - Conventional Animal Drawn Vehicle - Part 2 : Camel,
323,IS 12923,1990,Cane GUR (Jaggery),
324,IS 12939,1990,Method for heat resistance test of frozen semen of breeding bull,
325,IS 12944,1990,"Dithianon, Technical",
326,IS 12945,1990,Dithianon WP,
327,IS 12946,1990,Filling Nozzle,
328,IS 12964,1990,Method of quantitative determination of progressively motile spermatazoa in frozen bull semen,
329,IS 12981,1991,Common Salt - Iron Fortified,
330,IS 12983,1990,Oilseed Residues - Determination of Total Residual Hexane,
331,IS 13002,1990,Method for enumeration of living aerobic micro-organizms of bull semen,
332,IS 13005,1991,Method for detection of faculative pathogenic micro- organisms of bull semen,
333,IS 13006,1990,Freezing Grill,
334,IS 13019,1991,Soft drink Concentrate,
335,IS 13033,1990,Straw Holding Clips,
336,IS 13037,1991,Chilliseed Oil,
337,IS 13044,1991,Technical requirement for freshly collected semen of breeding sheep,
338,IS 13110,1991,"Carboxin, Technical",
339,IS 13132,1991,"Chlorothalonil, Technical",
340,IS 13133,1991,Chlorothalonil WP,
341,IS 13145,2014,Spices and Condiments - Methods of Sampling,
342,IS 13146,1991,"Allethrin, Technical",
343,IS 13151,1991,Forestry Tools - Two Men Log Tongs,
344,IS 13165,1991,Meat and Meat Products - Mutton Biryani (Canned),
345,IS 13168,1991,Tomato Seed Oil,
346,IS 1317,1969,Edible Tapioca Chips,
347,IS 13181,1991,Artificial Insemination Sheath Specification,
348,IS 1319,1983,Edible Tapioca Starch,
349,IS 1320,1988,Baker's Yeast,
350,IS 13242,2018,Raw Mango Mangifera Indica (Linn.) Powder (Amchur) and Slices - Specification ( First Revision ),
351,IS 13264,1991,Ready Khichdi Mix,
352,IS 13265,1991,Ready Vegetable Pulav Mix,
353,IS 13266,1991,Instant Curried Dal Mix,
354,IS 13267,1991,Ready Suji-halwa Mix,
355,IS 13285,1992,Guidelines for Addition of Essential Nutrients to Food,
356,IS 13329 - (Active),1992,Pesticide - Triadimefon WP - Specification - (Vaild upto 18 August 2026),
357,IS 13330 - (Active),1992,"Pesticide - Bitertanol, Technical - Specification - (Vaild upto 18 August 2026)",
358,IS 13331 - (Active),1992,Pesticides - Bitertanol WP - Specification - (Vaild upto 18 August 2026),
359,IS 13354,1992,Ready Upma Mix,
360,IS 13374,1992,"Forestry Tools - Hand Sappie, Nursery (Kutla)",
361,IS 13376,1992,Forestry Tools - Debarking Spud,
362,IS 13377,1992,Forestry Tools - Shrub Cutting Knife,
363,IS 13378,1992,Forestry Tools - Felling Lever,
364,IS 13398,1992,"Alga Spirulina, Feed Grade",
365,IS 13400,1992,Meat and Meat Products - Chicken Sausages,
366,IS 13401,1992,Meat and Meat Products - Determination of Thiobarbituric Acid Value in Meat - Test Method,
367,IS 13402 - (Active),1992,"Pesticide - Anilophos, Technical - Specification - (Vaild upto 18 August 2026)",
368,IS 13438,1992,Allethrin - Mosquito Coils,
369,IS 13439,1992,Allethrin - Mosquito mats Specification,
370,IS 13446,2009,Spices and Condiments - Large Cardamom - Capsules and Seeds,
371,IS 13451,1992,Urea Molasses Block as Ruminant Feed Supplement,
372,IS 13457,1992,Pesticide - Deltamethrin WP,
373,IS 13458,1992,"Pesticide - Metalaxyl, Technical",
374,IS 13474,2011,Spics and Condiments - Green Pepper Canned in Brine,
375,IS 13479,1992,Assembled Joints Between Fittings and Polyethylene (PE) Pressure Pipes - Test of Resistance to Pull Out,
376,IS 13485 : Part 1,1992,Forestry Tools - Stalk Puller - Part 1 : Light duty,
377,IS 13488,2008,Irrigation Equipment -emitting Pipes System,
378,IS 13500,1992,Spray Dried Milk Powders - Scorched Particles - Determination,
379,IS 13545,2018,Garam Masala - Specification (First Revision),
380,IS 13549,1992,Tractors and Machinery for Agriculture and Forestry - Hydraulic Coupling - Braking Circuits,
381,IS 13641,1992,Pesticide - Metalaxyl WS,
382,IS 13642,1993,Agricultural Tractors - Silencers - Technical Requirements,
383,IS 13644,1992,Dry Kokum,
384,IS 13657,1993,"Aspartame, Food Grade",
385,IS 13658,1993,"Polyglycerol Esters of Fatty Acids, Food Grade",
386,IS 13659,1993,"Polyglycerol Esters of Interesterified Ricinoleic Acid, Food Grade",
387,IS 13660,1993,Muskmelon Seed Oil- Specification,
388,IS 13661,1993,Ratanjyot Oil,
389,IS 13663,1993,Chilli Oleoresin,
390,IS 13679,1993,Okra Seed Oil Specification,
391,IS 13680,2018,Rapeseed Oil - Specification (First Revision),
392,IS 13692,1993,Metalaxyl Mancozeb WP,
393,IS 13702,1993,"Propylene Glycol, Food Grade",
394,IS 13704,1993,"Glycerol Esters of Wood Rosin (Ester Gums), Food Grade",
395,IS 13794,1993,Oilseeds Milling Machinery - Power Ghanies Portable,
396,IS 13815,2009,Fruit and vegetable products - Determination of soluble solids content - Refractometric method,
397,IS 13816,2009,Fruit and vegetable products - Determination of mineral impurities content,
398,IS 13818,1993,Harvesting equipment - Tractor operated potato digger shakers - Test code,
399,IS 13819,1993,Articifial Insemination Guns,
400,IS 13820,1993,Artificial Insemination Straws,
401,IS 13821,1993,Forestry Tools - Wooden Filing Vice,
402,IS 13829,1993,"Pesticide - Method for Determination of Residues in Agricultural and Food Commodities, Soil and Water - Atrazine and Simazine",
403,IS 13830,1993,"Pesticide - Method for Determination of Residues in Agricultural and Food Commodities, Soil and Water - Captafol",
404,IS 13831,1993,"Pesticide - Method for Determination of Residues in Aagricultural and Food Commodities, Soil and Water - Acephate and its Toxic Metabolite, Methamidofos",
405,IS 13832,1993,"Pesticide - Method for Determination of Residues in Agricultural and Food Commodities, Soil and Water - Dithiocarbamates",
406,IS 13844,2003,Fruit and Vegetable Products - Determination of Titratable Acidity,
407,IS 13845,2003,Fruits and Vegetable Products - Determination of Water- Insoluble Solids,
408,IS 13846,2009,Fruit and vegetable products - Determination of ash insoluble in hydrochloric acid,
409,IS 13852,1994,Tea - Preparation of ground sample of known dry matter content,
410,IS 13853,1994,Tea - Determination of loss in mass at 103 degree celcius,
411,IS 13854,1994,Tea - Determination of total ash,
412,IS 13855,1993,Tea - Determination of water- soluble ash and water-insoluble ash,
413,IS 13856,1993,Tea - Determination of alkalinity of water-soluble ash,
414,IS 13857,1993,Tea - Determination of acid- insoluble ash,
415,IS 13858,1993,Instant tea - Determination of free flow and compacted bulk densities,
416,IS 13859,1993,Instant tea in solid form - Determination of moisture content (Loss in mass at 103 degree celcius),
417,IS 13860,1993,Instant tea in solid form - Determination of total ash,
418,IS 13861,1993,Instant tea in solid form - Sampling,
419,IS 13862,1999,Tea - Determination of Water Extract,
420,IS 13863,1993,Cereals and milled cereal products - Determination of viscosity of flour - Method using an amylograph,
421,IS 13864,2015,Wheat-Determination of the Sedimentation Index - Zeleny Test ( First Revision ),
422,IS 13939,1994,Intercepter drains for steep hill slopes under plantation crops - Guidelines for laying,
423,IS 13952,2018,Palm Jaggery (Gur) - Specification ( First Revision ),
424,IS 13953,1994,Khandsari,
425,IS 1479 : Part 1,2016,Methods of Test for Dairy Industry Part 1 Rapid Examination of Milk ( First Revision ),
426,IS 1479 : Part 2,1961,Method of test for for dairy industry: Part 2 Chemical analysis of milk (Incorporated Amendement No.1),
427,IS 1479 : Part 4,2018,Method of Test for Dairy Industry Part 4 Milk - Determination of Freezing Point - Thermistor Cryoscope Method (Reference Method) ( Third Revision ),
428,IS 1479 : Part 5,1962,Methods of test for dairy industry: Part 5 Methods of dairy plant control (Incorporated Amendement No.1),
429,IS 14792,2000,"Irrigation Equipment - Design, Installation and Operation of Sprinkler Irrigation Systems - Code of Practice",
430,IS 2647,1964,Cheese Mill,
431,IS 2650,1975,Bombay Halwa,
432,IS 2688,2009,Insulated Stainless Steel Horizontal Milk Storage Tank,
433,IS 2689,2019,Stainless Steel Batch Pasteurizer - Specification,
434,IS 3246,1976,Canned Okra (Bhindi),
435,IS 3247,1976,Canned Bitter Gourd (KARELA),
436,IS 3248,1993,Canned Tomatoes,
437,IS 14123,1994,"Sodium Ascorbate, Food Grade",
438,IS 14124,1994,"Malic Acid, Food Grade",
439,IS 14125,1994,"DL-Tartaric Acid, Food Grade",
440,IS 14134,1994,Code for hygienic practices for units for processing and handling of quick frozen foods,
441,IS 14135 - (Active),1994,Code for Hygienic Practices for Processing and Handling of Dehydrated Fruits and Vegetables Including Edible Fungi - (Vaild upto 18 August 2026),
442,IS 14156,1994,"Pesticide - Cyfluthrin, Technical",
443,IS 14158,1994,Cyfluthrin WP,
444,IS 14159,1994,"Cartap Hydrochloride, Technical",
445,IS 14161,1994,"Pesticide - Determination of Metalaxyl Residues in Agricultural and Food Commodities, Soil and Water",
446,IS 14162,1994,Determination of fosetylAl residues in agricultural and food commodities,
447,IS 14178,1994,Pressurised Irrigation Equipment - Terminology,
448,IS 14183,1994,Pesticide - Cartap Hydrochloride SP,
449,IS 14184,1994,Pesticide - Cartap Hydrochloride G,
450,IS 14251,1995,"Captan, Technical",
451,IS 14266,1995,Canned Mushrooms,
452,IS 14267 : Part 1,1995,Quick Frozen Vegetables - Part 1 : Quick Frozen Peas,
453,IS 14267 : Part 2,1995,Quick Frozen Vegetables Part 2 Quick Frozen Cauliflower,
454,IS 14267 : Part 3,1995,Quick Frozen Vegetables - Part 3 : Quick Frozen Spinach,
455,IS 14267 : Part 4,1995,Quick Frozen Vegetables - Part 4 : Quick Frozen Beans,
456,IS 14275,1995,Technical requirements for urea molasses liquid drought feed for cattle,
457,IS 14309,1995,Blended Edible Vegetable Oils,
458,IS 14311,1995,Determination of lindane (GAMMA BHC) residues in agricultural and food commodities,
459,IS 14332,2018,Tobacco and Tobacco Products - Hookah Tobacco Paste - Specification ( First Revision ),
460,IS 14366,1996,Food Processing machinery - Dough mixers - Safety and hygiene requirements,
461,IS 14367,1996,Food Processing machinery - Planetary mixers - Safety and hygiene requirements,
462,IS 14398,2005,Fortified Wines,
463,IS 14408,1996,"Ethephon, Technical",
464,IS 14409,1996,Ethephon Solution,
465,IS 14411,1996,Deltamethrin F,
466,IS 14414,1996,Agricultural tractors - Axle power determination - Test procedures,
467,IS 14437,1997,Method for determination of quinalphos residues in agricultural and food commodities,
468,IS 14459,1997,Crop Protection Equipment - Battery Operated Rotary Atomiser Disc Type ULV Sprayer,
469,IS 14462,1997,"Recommendations for layout, design and construction of green house structures",
470,IS 14482 - (Active),1997,Irrigation Equipment - Polyethylene Micro Tubes for Drip Irrigation-Specification - (Vaild upto 18 August 2026),
471,IS 14485,1998,"Recommendations for heating, ventilation and cooling of green houses",
472,IS 14509,1997,"Lambda-cyhalothrin, Technical",
473,IS 14510,1997,Lambda-cyhalothrin WP,
474,IS 14514,1998,Clam Meat - Frozen,
475,IS 14515,1998,Fish Pickles,
476,IS 14516,1998,Cured fish and fisheries products - Processing and storage - Code of Practice,
477,IS 14520,2018,Fish Industry - Operational Cleanliness and Layout of Market - Guidelines ( First Revision ),
478,IS 14522,1998,Honey Processing Unit - Technical Requirements,
479,IS 14523,1998,Forestry Tools - Dibbling Board,
480,IS 14524,1998,Forestry Tools - Dibble Iron,
481,IS 14525,1998,Forestry Tools - Seed Plucker,
482,IS 14526,1998,Forestry Tools - Plant Carrier,
483,IS 14540,1998,Intercultivation Equipment - Hand hoes,
484,IS 14541,1998,Forestry and Plantation Tools - Hoes and Forks,
485,IS 14550 - (Active),1998,"Hexaconazole, EC) - (Vaild upto 09 January 2027)",
486,IS 14551,1998,"Thiophanate Methyl, Technical",
487,IS 14594,1998,Sensory Analysis - Appratus - Wine Testing Glass.,
488,IS 14595,1998,Food Hygiene - Microbiological Criteria - Principles for Establishment and Application,
489,IS 14605,1998,Irrigation Equipment - Micro Sprayer,
490,IS 14626,1999,Method for Determination of Total Bromide Residues in Grains and Food Commodities Fumigated with Methyl Bromide,
491,IS 14627,1999,Method for determination of carbendazim residues in agriculture and food commodities,
492,IS 14628,1999,Method for Determination of Chlorinated Pesticide Residues in Agricultural and Food Commodities by Multiple Residues Technique,
493,IS 14629,1999,Method for Determination of Dicofol Residues in Agricultural and Food Commodities,
494,IS 14632,1999,Farm Drainage System - Performance Evaluation of Horizontal Subsurface Drainage - Guidelines,
495,IS 14634,1999,Code of practice for application of blue green algae as bio- fertilizer in soil,
496,IS 14667,2018,Conveyor Chains and Slats Used in Sugar Industry - Specification ( First Revision ),
497,IS 14683,1999,Agricultural Tractors and Machinery - Lighting Devices for Travel on Public Roads,
498,IS 14684 - (Active),1999,Determination of Nitrogen and Nitrogenous Compounds in Soils - (Vaild upto 02 December 2026),
499,IS 14685 - (Active),1999,Determination of Total Sulphur and Sulphur Compounds in Soils - (Vaild upto 02 December 2026),
500,IS 14703,2017,Vinegar - Specifcation,
501,IS 14765,2000,Determination of Water Retention Capacity in Soils - Method of Test,
502,IS 14766,2000,Aggregate Size Distribution and Water Stability of Soil Aggregates - Method for Determination,
503,IS 14767,2000,Determination of the Specific Electrical Conductivity of Soils - Method of Test,
504,IS 14818,2017,Cereal and Cereal Products - Sampling (First Revision),
505,IS 14828,2000,Animal Feeding Stuff - Determination of Total Phosphorus Content - Spectrophotometric Method,
506,IS 1483,1988,White Bread,
507,IS 14832,2000,Animal Feeding Stuff - Determination of Urea,
508,IS 14834,2000,Lindane Dusting Powder,
509,IS 1484,1974,Rolled Oats (Quick-Cooking Type),
510,IS 14843,2017,Meat and Meat Products - Enumeration of Pseudomonas Spp.,
511,IS 1485,1993,"Macaroni, Spaghetti, Vermicelli and Egg Noodles",
512,IS 14855 : Part 1,2000,Plant Protection and Vector Control Equipment - Fogging Machines - Part 1 : Pulse-Jet- Type Thermal Fogger,
513,IS 14855 : Part 2,2001,Plant Protection and Vector Control Equipment - Fogging Machines - Part 2 : Air-Blower Type Thermal Fogger,
514,IS 14857,2000,"Method for Determination of 2, 4-D Residues in Agricultural and Food Commodities",
515,IS 1488,1989,"Pesticides - 2, 4-D Sodium Salt, Technical",
516,IS 14890,2001,"Sardines - Fresh, Frozen and Canned (Amalgamated revision of IS 2421, 6677,8652,8653, 9750 and 10761",
517,IS 14891,2001,"Mackerel - Fresh, Frozen and Canned (Amalgamated Revision of IS 2420, 3849,6032, 6033 and 9312)",
518,IS 14892,2000,Threadfin - Fresh and Frozen,
519,IS 14903,2001,Transport of Laboratory Animals - Code of Practice,
520,IS 14904,2007,Transport of Livestock - Code of Practice,
521,IS 14913,2001,Method for Determination of Synthetic Pyrethroids in Agricultural and Food Commodities,
522,IS 14914,2001,"Method for Determination of Phorate Residues in Agriculture and Food Commodities, Soil and Water",
523,IS 14922,2001,"Multiresidue Methods for the Determination of Organo Phosphorus Compounds (Monochrotophos, Anilophos, Phosalone, Temphos, Isazophos, Triazophos and Chlorpyrifos)",
524,IS 14935,2001,Oxyflourofen EC,
525,IS 14938,2001,"Diclofop Methyl, Technical",
526,IS 14939,2001,"Diclofop Methyl, EC",
527,IS 14940,2001,"Carbosulfan, Technical - Specificaiton",
528,IS 14941,2001,Carbosulfan EC,
529,IS 14942,2001,Carbosulfan DS - Specificaiton,
530,IS 14949,2001,Accelerated Freeze Dried Prawns (Shrimps) (Amalgamated revision of IS 4781 and 4796,
531,IS 14950,2001,Fish - Dried and Dry-Salted,
532,IS 14980 : Part 2,2001,Agricultural Wheeled Tractors - Front-mounted equipment : Part 2 Stationary Equipment Connections,
533,IS 1504,1996,"Beeswax, Crude and Refined",
534,IS 15088,2001,Lemon Juice Preserved Exclusively by Physical Means,
535,IS 15089,2002,Pineapple Juice Preserved Exclusively by Physical Means,
536,IS 15095,2002,Concentrated Pineaplle Juice Preserved Exclusively by Physical Means,
537,IS 15096,2002,Fruit and Vegetable Products - Determination of Ethanol Content,
538,IS 15106,2002,Determination of Dry Matter and Water Content on a Mass Basis - Gravimetric Method,
539,IS 15107,2002,Determination of Pore Water Pressure - Tensiometer Method,
540,IS 15109 : Part 2,2013,Soil Quality - Determination of the Effects of Pollutants on Soil Flora Part 2 Effects of Contaminated Soil on the Emergence and Early Growth of Higher Plants,
541,IS 15120,2002,Animal Feeding Stuffs - Determination of Vitamin A Content - Method Using High- Performance Liquid Chromatography,
542,IS 15121,2002,"Animal Feeding Stuffs - Determination of the Contents of Calcium, Copper, Iron, Magnesium, Manganses, Potassium, Sodium, and Zinc - Method Using Atomic Absorption Spectrometry",
543,IS 15156,2002,Acephate+Fenvalerate Emulsifiable Concentrate,
544,IS 15157,2002,Deltamethrin+Triazophos Emulsifiable Concentrate,
545,IS 15158,2002,"Pretilachlor, Technical",
546,IS 15159,2002,Tebuconazole DS,
547,IS 15160,2002,Pretilachlor Emulsifiable Concentrate,
548,IS 15161,2002,Fenpropathrin Technical,
549,IS 15162,2002,Fenpropathrin Emulsifiable Concentrate,
550,IS 15163,2002,"Isoprothiolane, Technical",
551,IS 15164,2002,Isoprothiolane Emulsifiable Concentrate,
552,IS 15165,2002,"Tebuconazole, Technical",
553,IS 15166,2002,Glufosinate Ammonium Technical Concentrate,
554,IS 15175,2002,Surface Covered Cultivation Structure - Establishment and Operation of Mist Chamber - Guidelines,
555,IS 15176,2002,Food Hygiene - Microbiological Risk Assessment - Principles and Guidelines for the Conduct,
556,IS 15177,2002,Surface Covered Cultivation - Plastics Mulching - Code of Practice,
557,IS 15182,2002,Propiconazole E.C.,
558,IS 15185,2016,Water Quality - Detection and Enumeration of Escherichia Coli and Coliform Bacteria - Memberane Filtration Method for Water with Low Bacterial Background Flora,
559,IS 15186,2002,Water Quality - Detection and Enumeration of Intestinal Enterococci - Memberane Filtration Method,
560,IS 15187,2016,Water Quality - Detection of Salmonella Species ( First Revision ),
561,IS 15227,2002,Deltamethrin ULV,
562,IS 15228,2002,Cyfluthrin - Emulsion in Water (EW),
563,IS 15229,2002,Metolachlor Technical,
564,IS 15230,2002,Metolachlor EC,
565,IS 15231,2002,"Anilophos + 2, 4-D Ethyl Ester EC",
566,IS 15232,2002,Fenoxaprop-p-Ethyl Technical,
567,IS 15233,2002,Glufosinate Ammonium SL,
568,IS 15234,2002,"Penconazole, Technical",
569,IS 15236,2002,Profenofos + Cypermethrin Emulsifiable Concentrate,
570,IS 15237,2002,Penoconazole Emulsifiable Concentrate,
571,IS 15238,2002,"Profenofos, Technical",
572,IS 15239,2002,Fenoxaprop-p-Ethyle Emulsifiable Concentrate,
573,IS 15240,2002,Profenofos Emulsifiable Concentrate,
574,IS 15241,2002,"Propiconazole, Technical",
575,IS 15271,2003,Namkeen,
576,IS 15273,2003,Concentrated Orange Juice Preserved Exclusively by Physical Means,
577,IS 15279 - (Active),2003,Sugar and Sugar Products - Methods of Test - (Vaild upto 18 August 2026),
578,IS 15285,2016,Sensory Analysis - Methodology - Initiation and Training of Assessors in the Detection and Recognition of Odours,
579,IS 15286,2003,Sensory Analysis - Methodology - Guidelines for the Preparation of Samples for Which Direct Sensory Analysis is Not Feasible,
580,IS 15302,2003,Determination of Aluminium and Barium in Water by Direct Nitrous Oxide-Acetylene Flame Atomic Absorption Spectrometry,
581,IS 15303,2003,"Determination of Antimony, Iron and Selenium in Water by Electrothermal Atomic Absorption Spectrometric Method",
582,IS 15316,2016,Sensory Analysis - General Guidance for the Design of Test Rooms,
583,IS 15334,2003,Imidacloprid WS,
584,IS 15335,2003,Imidacloprid SL,
585,IS 15341,2003,Fenvalerate DP,
586,IS 15342,2003,Instant Tea in Solid Form,
587,IS 15346,2003,Method for Sensory Evaluation of Paneer/Chhana,
588,IS 15347,2003,Malted Milk Food - Method for Sensory Evaluation,
589,IS 15348,2003,Method for Sensory Evaluation of Shrikhand,
590,IS 15349,2003,Ice Cream - Method for Sensory Evaluation,
591,IS 15386 - (Active),2003,Pressurized Irrigation Systems - Graphic Symbols - (Vaild upto 02 December 2026),
592,IS 15409,2003,"Clomazone, Technical",
593,IS 15443,2004,Imidacloprid Technical,
594,IS 15459,2018,Vanilla - Vocabulary ( First Revision ),
595,IS 15460 : Part 1,2004,Vanilla [ Vanilla Fragrans (Salisbury) Ames] - Part 1 : Specification,
596,IS 15460 : Part 2,2004,Vanilla [ Valnila Fragrans (Salisbury) Ames] - Part 2 : Test Methods,
597,IS 15529,2004,Citrus fruits and derived products - Determination of essential oils content (reference method),
598,IS 15542,2005,Power-operated chaff cutter - Safety requirements,
599,IS 15561 - (Active),2005,Sugarcane crushers - Safety requirements - (Vaild upto 28 February 2027),
600,IS 15588,2005,Alcoholic Drinks - Low Alcoholic Beverages,
601,IS 15599,2005,Chlorimuron ethyl wettable powder,
602,IS 15600,2005,"Cymoxanil , Technical",
603,IS 15601,2005,Cymoxanil + Mancozeb Wettable Powder,
604,IS 15602,2005,"Alphacypermethrin, EC",
605,IS 15603,2005,Alphacypermethrin. WP,
606,IS 15604,2005,Methomyl soluble powder,
607,IS 15605,2005,Metsulfuron methyl wettable powder,
608,IS 15606,2005,"Ethion + Cypermethrin, EC",
609,IS 15614,2006,"Methomyl, Technical",
610,IS 15615,2005,"Metsulfuron methyl, technical",
611,IS 15616,2006,"Alphacypermethrin, Technical",
612,IS 15618,2005,Metsulfuron methyl + chlorimuron ethyl wettable powder,
613,IS 15619,2005,"Chlorimuron Ethyl, Technical",
614,IS 15669,2006,Water quality - determination of selected organic nitrogen and phosphorus compounds - gas chromatographic method,
615,IS 15670,2006,"Water quality - Determination of certain organochlorine insecticides, polychlorinated biphenyls and chlorobenzenes - Gas chromatographic method after liquid -liquid extraction",
616,IS 15688,2006,Canned bamboo shoot,
617,IS 15689,2006,Bamboo shoot in brine,
618,IS 15690,2006,Dry salted bamboo shoot,
619,IS 15691,2006,Guidelines for storage and transportation of bamboo shoot,
620,IS 15692,2006,"Hexaconazole, suspension concentrate (SC)",
621,IS 15693,2006,"Chlorpyrifos-methyl, technical",
622,IS 15694,2006,"Paotassium iodate, food grade",
623,IS 15695,2006,Pepper and pepper oleoresins - Determination of piperine content - Method using high- performance liquid chromatography,
624,IS 15697 : Part 1,2006,Chillies and chilli oleoresins - Determination of total capsaicinoid contents : Part 1 Spectrometric method,
625,IS 15697 : Part 2,2006,Chillies and chilli oleoresins - Determination of total capsaicinoid contents : Part 2 Method using high- performance liquid chromatography,
626,IS 15698,2006,Dehydrated bamboo shoots,
627,IS 15699,2006,Ground (powdered) paprika (capsicum) annum linnaeus) - Microscopical examination,
628,IS 15701,2006,Ground (powdered) paprika - Determination of total natural colouring matter content,
629,IS 15706,2006,"Fruits, vegetables and derived products - Determination of Volatile acidity",
630,IS 15733,2006,Portable kit for quick detection of adulterants/contaminants in common food products,
631,IS 15743,2007,Chlorpyrifos-methyl emulsifiable concentrate,
632,IS 1577,2019,Tobacco and Tobacco Products - Cigarettes - Specification ( Fourth Revision ),
633,IS 1578,2018,Tobacco and Tobacco Products - Smoking Mixtures- Pipe Tobacco- Specification (Third Revision),
634,IS 15805 : Part 1,2008,Straw reaper-combine - Test Code : Part 1 Terminology,
635,IS 15805 : Part 2,2008,Straw reaper-combine - Test Code : Part 2 Performance tests,
636,IS 15806,2018,Combine Harvester - Recommendations on Selected Performance and Other Characteristics ( First Revision ),
637,IS 15829,2009,Cassava Chipping Machine - Hand-operated,
638,IS 15830,2009,Plastic Mubs Laying Machine - Functional Requirement,
639,IS 15831 - (Active),2009,Grader - Citrus - Size based - (Vaild upto 28 February 2027),
640,IS 1664,2002,Mineral Mixtures for Supplementing Cattle Feeds,
641,IS 1668,1975,Lozenges,
642,IS 1675,1971,"Stearic Acid, Technical",
643,IS 1676,1960,"Oleic Acid, Technical",
644,IS 1736,1960,"Honey Extractor, Tangential Type",
645,IS 1743,1973,Mutton and Goat Meat Canned in Brine,
646,IS 1769 : Part 1,2018,Cigars and Cheroots - Specification Part 1 : Cigars (Third Revision),
647,IS 1769 : Part 2,2019,Cigars and Cheroots - Specification Part 2 Cheroots ( Third Revision ),
648,IS 1780,1961,Vegetable Tallow,
649,IS 1797,2017,Spices and Condiments - Methods of Test (Third Revision),
650,IS 1806,2018,Malted Milk Foods - Specification ( Second Revision ),
651,IS 1824,1978,Specification for Insecticidal Space Spray,
652,IS 1827,1989,"Pesticides - Dimethyl Amine SL Salts of 2, 4-D",
653,IS 1832,1978,"Specification for Malathion, Technical",
654,IS 1934,2016,Sesamum Oilcake as Livestock Feed Ingredient - Specification ( Second Revision ),
655,IS 1960,1979,Wheatmeal Bread,
656,IS 1965,1972,Bleaching Earths of Indian Origin Used for Bleaching Vegetable Oils,
657,IS 1973 - (Active),1999,Sugarcane Crushers - (Vaild upto 28 February 2027),
658,IS 1976,1976,"Rotary Paddy Weeder, Manually-Operated",
659,IS 1981,2018,Animal Casings - Grades and Specification ( Second Revision ),
660,IS 2025,1962,Cylindrical Pipettes for Bacteriological Examination of Milk (Incorporated Amendement No.1),
661,IS 2111,2018,Nasal Snuff - Specification ( Second Revision ),
662,IS 2168,1971,Pomfret Canned in Oil,
663,IS 2192,1998,"Soil Working Equipment - Animal Drawn Mouldboard Plough, Fixed Type",
664,IS 2236,1968,Prawns/Shrimp Caned in Brine,
665,IS 2237,1997,Prawns (Shrimps) - Frozen,
666,IS 2311,1973,Fat Extraction Apparatus for Milk and Milk Products,
667,IS 2323,2011,"Spices And Condiments - Mustard, Whole And Ground - Specification",
668,IS 2343,2009,Can Scrubber,
669,IS 2346,1992,Carbonated Beverages,
670,IS 2397,1988,Wafers,
671,IS 2404,1993,Malt Extract,
672,IS 2409,2019,Calcium Ammonium Nitrate - Specification ( Third Revision ),
673,IS 2443,2008,"Spices and Condiments - Coriander, Whole and Ground",
674,IS 2475,1979,Smoked Bacon,
675,IS 2476,1963,Ham,
676,IS 2495,1963,Cheese Hoops,
677,IS 2498,1963,Cheese Knife,
678,IS 2504,1964,Hand-Operated Cheese Press (vertical),
679,IS 253,2014,Specification for Common Salt,
680,IS 2536,1995,"Meat and Meat Products - Mutton and Goat Meat (Chevon) - Fresh, Chilled and Frozen - Technical Requirements",
681,IS 2537,1995,"Meat and Meat Products - Beef and Buffalo Meat - Fresh, Chilled and Frozen - Technical Requirements",
682,IS 2563 - (Active),1978,"Hedge Shears, Straight-edge Type - (Vaild upto 28 February 2027)",
683,IS 2567,1978,Specification for Malathion Emulsifiable Concentrates,
684,IS 2568,1978,Specification for Malathion Dusting Powders,
685,IS 2569,1978,Specificaion for Malathion Water Dispersible Powder Concentrates,
686,IS 2639,1999,PAPAD,
687,IS 2732,1985,Code of Practice for Poultry Housing,
688,IS 2734,1964,Code of Practice for Equine Housing,
689,IS 2764,2018,"Potassium Sulphate, Fertilizer Grade - Specification ( Second Revision )",
690,IS 2779,2018,"Potassium Chloride (Muriate of Potash), Fertilizer Grade - Specification ( Second Revision )",
691,IS 2803,1964,Capillary Pipette for Direct Microscopic Count of Milk,
692,IS 2813,2019,Terminology for foodgrains,
693,IS 2829,2019,Steam-Jacketed Ghee Pans / Boilers ( Stainless Steel ) - Specification ( Second Revision ),
694,IS 2860,1964,Methods of sampling and test for processed fruits and vegetables,
695,IS 2868,1964,Canned Pineapples,
696,IS 2869,1964,Canned Orange Segments,
697,IS 294,2018,Single Superphosphate - Specification ( Third Revision ),
698,IS 2981,1964,Layout Plan for Dairy Laboratories,
699,IS 3044,1973,"Mutton and Goat Meat, Curried and Canned",
700,IS 3059,2001,"Transport of Monkeys by Rail, Road, Air and Sea - Code of Practice",
701,IS 3060,1979,"Pork Sausages, Canned",
702,IS 3110,2015,Silver Leaf - Specification,
703,IS 3137,1974,High-protein Mixes for Use as Food Supplements,
704,IS 3155,1965,Specification for MAKHANNA Products,
705,IS 3448,2014,Rice Bran Oil - Specification,
706,IS 3342,1998,"Soil working equipment - cultivators, Animal drawn",
707,IS 3369,1965,"Puddler, Animal Drawn",
708,IS 3372,1965,Bund Former,
709,IS 3382,1965,Stainless Steel Milk Pipes and Fittings,
710,IS 3490,2018,Nigerseed Oil - Specification,
711,IS 3491,2018,Safflower Seed Oil - Specification,
712,IS 3492,1965,Karanja Oil (Incorporated Amendement No. 1),
713,IS 3501,1966,Pickles,
714,IS 3507,1966,Method Of Sampling And Test For Butter (Incorporated Amendement No. 1),
715,IS 3508,1966,Method Of Sampling And Test For Ghee,
716,IS 3509,1966,Method Of Sampling And Test For Cream,
717,IS 3543,1966,Papain,
718,IS 3547,1976,Mango Nectar,
719,IS 3579,1966,Methods Of Test For Oilseeds,
720,IS 3606,1998,"Soil working equipment, Dischauow, Animal drawn - Specificaton",
721,IS 3611,2000,Tea - Sampling,
722,IS 3892,1975,Frozen Lobster Tails,
723,IS 3893,1966,Slides for Direct Microscopic Count of Milk,
724,IS 3905,1966,Thiometon Emulsifiable Concentrates,
725,IS 3922,1966,Recommendation For Ghee Refinery,
726,IS 4303 : Part 1,1975,Code for hygienic conditions in fish industry: Part 1 Pre- processing stage,
727,IS 4303 : Part 2,1975,Code for hygienic conditions in fish industry: Part 2 Canning stage,
728,IS 4304,1976,Tuna Canned in Oil,
729,IS 4321,1989,"Pesticides - 2, 4-D, Technical",
730,IS 5223,1993,Oilseeds milling machinery - Oil expellers - Test code,
731,IS 5224,1993,Oilseeds Milling Machinery - Oil Expellers Single Barrel,
732,IS 5637,1970,Watermelon Seed Oil,
733,IS 5638,1970,Acid Oil (Cottonseed and Groundnut) (Incorporated Amendement No.1),
734,IS 3752,2005,Alcoholic drinks - Methods of test,
735,IS 3796,2011,"Spices And Condiments - Fennel Seeds,whole - Specification",
736,IS 3797,2011,Spices And Condiments - Celery Seeds - Specification,
737,IS 3802,2019,Roasted Coffee-Chicory Powder - Specification ( Second Revision ),
738,IS 3827,2008,"Riboflavin, Food Grade",
739,IS 3838,1966,Self-raising Flour,
740,IS 3839,1989,Food Yeast,
741,IS 3841,2008,ÃŸ - Carotene Food Grade - Specification,
742,IS 3864,1966,Mobile Kit For Milk Testing,
743,IS 3880,2019,Mango Pulp / Puree - Specification ( Second Revision ),
744,IS 3881,1993,Tomato Juice,
745,IS 3882,1966,Tomato Ketchup,
746,IS 3883,2019,Tomato Puree - Specification ( Second Revision ),
747,IS 3884,2019,Tomato Paste - Specification ( Second Revision ),
748,IS 4015,1998,Guide for Handling Cases of Pesticide Poisoning,
749,IS 4055,2018,Maize (Corn) Oil - Specification,
750,IS 4074,2019,Grading for Monsooned Coffee - Specification ( Third Revision ),
751,IS 4088,1966,KUSUM Oil (Incorporated Amendement No. 1 & 2),
752,IS 4115,1967,Methods for Sampling of Oilseeds,
753,IS 4276,2014,Soybean Oil - Specification,
754,IS 4277,2014,Sunflower Oil - Specification,
755,IS 4333 : Part 1,2018,Methods of Analysis for Foodgrains Part 1 Refractions ( Third Revision ),
756,IS 4333 : Part 2,2017,Methods of Analysis for Foodgrains Part 2 Determination of Moisture Content (Second Revision),
757,IS 435,1973,Castor Oil,
758,IS 4352,1967,"Pork Luncheon Meat, Canned",
759,IS 4358,1996,Sickles,
760,IS 4366 : Part 1,1985,Agricultural Tillage Discs Part 1 Concave Type,
761,IS 4366 : Part 2,1985,Agricultural Tillage Discs Part 2 Flat Type,
762,IS 4393,2016,Basic Requirement for an Abattoir (Second Revision),
763,IS 4446 : Part 1,2008,Chlorophyll : Part 1 Magnesium Complex,
764,IS 4446 : Part 2,2008,"Chlorophyll, food grade : Part 2 Copper Complex",
765,IS 4450,2005,Alcoholic Drinks - Brandies,
766,IS 4452,2009,Dehydrated Onion,
767,IS 4463,2018,"Hookah Tobacco, Flake Type - Specification ( Second Revision )",
768,IS 4467,1996,Caramel,
769,IS 4541,1986,Glossary of Tea Terms,
770,IS 4596,1968,Glossary of terms relating to oil expellers,
771,IS 4624,1978,Dehydrated Peas,
772,IS 4625,1968,Dehydrated Carrots,
773,IS 4626,1978,Dehydrated Potatoes,
774,IS 4627,1968,Dehydrated Cabbage,
775,IS 4628,1978,Dehydrated Okra (Bhindi),
776,IS 4662,1977,Methods for sampling of starches and starch products,
777,IS 4674,1975,Dressed Chicken (Incorporated Amendement No.1),
778,IS 4684,1975,Edible Groundnut Flour (Expeller Pressed),
779,IS 4706 : Part 1,1978,Methods of tests for edible starches and starch products: Part 1 Physical methods,
780,IS 4706 : Part 2,1978,Methods of tests for edible starches and starch products: Part 2 Chemical methods,
781,IS 4723,1978,Egg Powder,
782,IS 4743,2018,Settling Tanks for Ghee - Specification ( First Revision ),
783,IS 4753,2008,"Potassium Nitrate, Food Grade",
784,IS 4765,1975,Neem Kernel Oil and Depulped Neem Seed Oil,
785,IS 4772,2019,Code of Practice for Construction of Sugar Godowns ( Second Revision ),
786,IS 4780,1978,"Pomfret, Fresh",
787,IS 4793,1997,Whole Pomfret - Frozen,
788,IS 4808,1982,Pyrethrum Emulsifiable Concentrates,
789,IS 4811,2014,Cinnamon Whole - Specification,
790,IS 4830,2018,"Ammonium Phosphate Sulphate, Granular - Specification ( Second Revision )",
791,IS 5452,2008,Dehydrated Garlic,
792,IS 5453 : Part 1,2016,Spices- Saffron (Crocus Sativus L.) Part 1 Specification,
793,IS 5453 : Part 2,2016,Spices- Saffron (Crocus Sativus L.) Part 2 Test Methods,
794,IS 546,2014,Mustard Oil Specification,
795,IS 547,2018,Sesame Oil -Specification,
796,IS 5470,2002,"Dicalcium Phosphate, Animal Feed Grade",
797,IS 548 : Part 2,1976,Methods of sampling and test for oils and fats: Part II Purity tests,
798,IS 548 : Part 2 : Sec 20,1983,Methods of Sampling and Tests for Oils and Fats - Part 2 : Purity Tests - Section 20 : Test for Detection of TARAMIRA Oil in Mustard/Rapeseed Oil,
799,IS 548 : Part 2 : Sec 21,1988,Methods of sampling and test for oils and fats: Part II Purity tests: Sec 21 Test for detection of animals fat in vegetable oils and fats and vice-versa by GLC,
800,IS 548 : Part 2 : Sec 22,1993,Methods of sampling and test for oils and fats: Part 2 Purity test - Section 22 Detection of tricresyl phosphate in edible oil,
801,IS 548 : Part 2 : Sec 9,1988,Methods of sampling and test for oils and fats: Part II Purity tests Sec 9 Test for presence of Karanja (Pungam) oils in other oils,
802,IS 5832 - (Active),1984,Specification for Black Pepper Eleoresin - (Vaild upto 18 August 2026),
803,IS 5838,1970,Methods for estimation of Vitamin C in foodstuffs,
804,IS 5839,2000,"Food Hygiene - Code of Practice for Manufacture, Storage and Sale of Ice Cream",
805,IS 4875,1975,Edible Groundnut Flour (Solvent Extracted),
806,IS 4876,1986,Edible Cottonseed Flour (Solvent Extracted),
807,IS 4930,1985,Axle Assembly for Pneumatic- wheeled Animal-drawn Vehicles,
808,IS 4935,2018,Synthetic Syrups - Specification ( First Revision ),
809,IS 4936,1968,Fruit Squashes,
810,IS 4938,2009,"Insulated Stainless Steel Milk Storage Tanks, Vertical Type - Specification",
811,IS 4941,1994,Extracted Honey,
812,IS 4951,1975,"Ham, Canned",
813,IS 498,2018,Grading for Vacuum Pan ( Plantation White and Refined ) Sugar ( Sixth Revision ),
814,IS 5059,1969,Code for Hygienic Conditions for Large Scale Biscuit Manufacturing Units and Bakery Units,
815,IS 5126,2016,Sensory Analysis - Vocabulary,
816,IS 5135 : Part 1,1994,Hand-Rotary Duster - Part 1 : Belly-Mounted Type,
817,IS 5237,1969,Code for transport of small and medium sized seed eating birds,
818,IS 5238,2001,Transport of Poultry - Code of Practice,
819,IS 5253,1969,Guidelines for cleaning and sterilizing dairy equipment,
820,IS 5255,1986,Poultry Feeders,
821,IS 5278,1969,"Dicofol, Technical",
822,IS 5279,1969,Dicofol Emulsifiable Concentrates,
823,IS 5283,1969,"Poultry Waterers, Portable",
824,IS 5306 - (Active),1996,"Sodium Carboxymethyl Cellulose, Food Grade - (Vaild upto 21 January 2027)",
825,IS 5309,2001,Poultry Farming Equipment - Brooders,
826,IS 5310,1987,Poultry Incubators,
827,IS 5346,1994,Synthetic Food Colour - Preparations and Mixtures,
828,IS 5398,1969,Methods for estimation of thiamine (vitamin B-1) in foodstuffs,
829,IS 5399,1969,Methods for estimation of riboflavin (vitamin B-2) in foodstuffs,
830,IS 5400,1969,Methods for estimation of nicotinic acid (Niacin) in foodstuffs,
831,IS 5401 : Part 1,2012,Microbiology of Food and Animal Feeding Stuffs - Horizontal Method for the Detection and Enumeration of Coliforms - Part 1 : Colony Count Technique,
832,IS 5401 : Part 2,2012,Microbiology - Food and animal feeding Stuffs- Horizontal method for the Detection and Enumeration of Coliforms Part 2 Most probable Number Technique,
833,IS 5402,2012,Microbiology of Food and Animal Feeding Stuffs - Horizontal Method for the Enumeration of Micro- Organisms - Colony-Count Technique at 30o C,
834,IS 5403,1999,Method for Yeast and Mould Count of Foodstuffs and annimal feeds,
835,IS 542,2018,Coconut Oil - Specification,
836,IS 5427,1969,"Honey Extractor, Radial Type",
837,IS 543,2018,Cottonseed Oil - Specification,
838,IS 544,2014,Groundnut Oil Specification,
839,IS 545,1984,Mahua Oil,
840,IS 5503 : Part 1,1969,General requirements for silos for grain storage : Part 1 Constructional requirements,
841,IS 5558,1970,Chicken Essence,
842,IS 5567,1970,Bottles for Sterilized Milk,
843,IS 5606,1970,Steel Bins for Grain Storage,
844,IS 5614,1980,Tobaccoseed Oil,
845,IS 5654 : Part 3,1983,Feeds for Laboratory Animals - Part 3 : Monkeys,
846,IS 5672 - (Active),1992,Mineral Mixtures for Supplementing Poultry Feeds - Specification - (Vaild upto 18 August 2026),
847,IS 5686,1970,Code of Practice for Handling and Storage of Oilseeds,
848,IS 5701 : Part 10,1981,"Code for breeding, care, management and housing of laboratory animals: Part 10 Laboratory mosquitoes",
849,IS 5701 : Part 3,1979,"Code for breeding, care, management and housing of laboratory animals: Part 3 Laboratory guinea-pigs",
850,IS 5701 : Part 4,1979,"Code for breeding, care, management and housing of laboratory animals: Part 4 Laboratory golden hamsters",
851,IS 5701 : Part 5,1972,"Code for breeding, care, management and housing of laboratory animals: Part 5 Laboratory snakes",
852,IS 5701 : Part 6,1981,"Code for breeding, care, management and housing of laboratory animals: Part 6 Laboratory cotton rats (sigmodon hispidus and sigmodon hispidus hispidus",
853,IS 5701 : Part 7,1977,"Code for breeding, care, management and housing of laboratory animals: Part 7 Laboratory frogs",
854,IS 5701 : Part 8,1979,"Code for breeding, care, management and housing of laboratory animals: Part 8 Laboratory chicks",
855,IS 5701 : Part 9,1979,"Code for breeding, care, management and housing of laboratory animals: Part 9 Laboratory pigeons",
856,IS 5718,2000,Agricultural Produce Processing Equipment - Seed Cleaners - Test Code,
857,IS 5719,2017,"Gelatin, Food Grade - Specification (Second Revision)",
858,IS 5734,1970,Sardine Oil,
859,IS 5781,1993,Fruit and Vegetable Products - Determination of Dry Matter Content by Drying Under Reduced Pressure and of Water Content by Azeotropic Distillation,
860,IS 5800,2003,Orange juice preserved exclusively by physical meants,
861,IS 5861,2019,"Jam, Jellies and Marmalades - Specification ( Second Revision )",
862,IS 5863,1985,Method for determination of malathion residues in food commodities,
863,IS 5864,1983,Method for Determination of DDT Residues in Food Commodities,
864,IS 5886,1970,Methods For Estimation Of Carotenes And Vitamin A (retinol) In Foodstuffs,
865,IS 5887 : Part 2,1976,"Methods for detection of bacteria responsible for food poisoning:Part 2 Isolation, identification and enumeration of STAPHYLOCOCCUS AUREUS and faecal streptococci",
866,IS 5887 : Part 3,1999,Methods for Detection of Bacteria Responsible for Food Poisoning - Part 3 : General Guidance on Methods for the Detection of Salmonella,
867,IS 5887 : Part 4,1999,Methods for Detection of Bacteria Responsible for Food Poisoning : Part 4 Isolation and Identification of Clostridium perfringens (clostridium Welchii) and clostrid/um botul inum and enumeration of clostridium perfringens,
868,IS 5887 : Part 5,1976,"Methods for detection of bacteria responsible for food poisoning :Part 5 Isolation, identification and enumeration of VIBRIO CHOLERAE and VIBRIO PARAHAEMOLYTICUS",
869,IS 5887 : Part 6,2012,"Microbiology of Food and Animal Feeding Stuffs - Horizontal Method for the Enumeration of Presumptive Bacillus Cereus, Part 6 Colony- count Technique at 30o C",
870,IS 5887 : Part 7,1999,Methods for Detection of Bacteria Responsible for Food Poisoning - Part 7 : General Guidance on Methods for Isolation and Identification of Shigella,
871,IS 595,1954,Blown Rape (or Mustard) Oil for use in Lubricants (Incorporated Amendments No. 1&2),
872,IS 5952,1970,Methods for determination of parathion residues,
873,IS 5955,1993,Spices and Condiments - Tamarind Concentrate,
874,IS 5960 : Part 10,2001,Meat and Meat Products - Methods of Test - Part 10 : Measurement of pH - Reference Method,
875,IS 5960 : Part 11,2013,Meat and Meat Products - Methods of Test Part 11 Determination of glucono-delta- lactone content,
876,IS 5960 : Part 14,1988,Methods of Test for Meat and Meat Products - Part 14 : Determination of Starch Content,
877,IS 5960 : Part 15,2000,Meat and Meat Products - Methods of Test - Part 15 : Determination of L (-) Hydroxyproline Content,
878,IS 5960 : Part 16,2004,Meat and Meat Products - Methods of Test - Part 16 : Determination of Total Phosphorus Content - Spectrometric Method,
879,IS 5960 : Part 17,2004,Meat and Meat Products - Methods of Test - Part 17 : Determination of Starch and Glucose Content - Enzymatic Method,
880,IS 5960 : Part 2,2000,Meat and Meat Products - Methods of Test - Part 2 : Determination of Total Ash,
881,IS 5960 : Part 3,2016,Meat and Meat Products - Methods of Test Part 3 Determination of Total Fat Content (First Revision),
882,IS 5960 : Part 4,1997,Meat and meat products - Method of test : Part 4 Determination of free fat content,
883,IS 5960 : Part 6 : Sec 1,1997,Meat and meat products - Method of test Part 6 Determination of chloride contentSection 1 Volhard method,
884,IS 5960 : Part 6 : Sec 2,1997,Meat and meat products - Method of Test Part 6 Determination of Chloride content Section 2 Potentiometric method,
885,IS 5960 : Part 7,1996,Meat and meat products - Methods of test : Part 7 Determination of nitrite content,
886,IS 5960 : Part 8,1996,Meat and meat products - Methods of test: Part 8 Determination of nitrate content,
887,IS 5960 : Part 9,1988,Meat and Meat Products - Methods of Test - Part 9 : Determination of Total Phosphorus Content,
888,IS 5982,2003,Plantation White Sugar,
889,IS 5985,1985,Code of practice for handling and storage of bagged fertilizers,
890,IS 6014,1978,"Emulsifiable Larvicidal Oil, Pyrethrum Based",
891,IS 6027,1970,Recommendations for farm cattle housing for large dairy farms,
892,IS 6028,2002,Green Bananas - Guide for Storage and Transport,
893,IS 6092 : Part 1,1985,Methods of sampling and test for fertilizers : Part 1 Sampling,
894,IS 6092 : Part 2,1985,Methods of sampling and test for fertilizers : Part 2Determination of nitrogen,
895,IS 6092 : Part 2 : Sec 1,2004,Methods of Sampling and Test for Fertilizers - Part 2 : Determination of Nitrogen - Section 1 : Introduction,
896,IS 6092 : Part 2 : Sec 2,2004,Methods of Sampling and Test for Fertilizers - Part 2 : Determination of Nitrogen - Section 2 : Test Methods not covered under Dual Number Standards,
897,IS 6092 : Part 2 : Sec 3,2004,Methods of Sampling and Test for Fertilizers - Part 2 : Determination of Nitrogen - Section 3 : Nitrate Nitrogen Content - Nitron Gravimetic Method,
898,IS 6092 : Part 2 : Sec 4,2004,Methods of Sampling and Test for Fertilizers - Part 2 : Determination of Nitrogen - Section 4 : Ammoniacal Nitrogen Content - Titrimetric Method After Distillation,
899,IS 6092 : Part 2 : Sec 5,2004,Methods of Sampling and Test for Fertilizers - Part 2 : Determination of Nitrogen - Section 5 : Total Nitrogen Content - Titrimetric Method after Distillation,
900,IS 6092 : Part 2 : Sec 6,2004,Methods of Sampling and Test for Fertilizers - Part 2 : Determination of Nitrogen - Section 6 : Ammoniacal Nitrogen Content in the Presence of Other Osbstances which Release Ammonia When Treated with Sodium Hydroxide - Titrimetric Method,
901,IS 6092 : Part 2 : Sec 7,2004,Methods of Sampling and Test for Fertilizers - Part 2 : Determination of Nitrogen - Section 7 : Solid Fertilizers - Determination of Urea Nitrogen Content - Gravimetric Method Using Xanthydrol,
902,IS 6092 : Part 3 : Sec 1,2004,"Methods of sampling and test for fertilizers : Part 3 Determination of phosphorus, Section 1 Introduction",
903,IS 6092 : Part 3 : Sec 2,2004,"Methods of sampling and test for fertilizers : Part 3 Determination of phosphorus, Section 2 Test methods not covered under dual number standards",
904,IS 6092 : Part 3 : Sec 3,2004,Methods of Sampling and Test for Fertilizers - Part 3 : Determination of Phosphorus - Section 3 : Extraction of Water- Soluble Phosphates,
905,IS 6092 : Part 3 : Sec 4,2004,Methods of Sampling and Test for Fertilizers - Part 3 : Determination of Phosphorus - Section 4 : Quinoline Phosphomolybdate Gravimetric Method,
906,IS 6092 : Part 3 : Sec 5,2004,Methods of Sampling and Test for Fertilizers - Part 3 : Determination of Phosphorus - Section 5 : Extraction of Phosphates Soluble in Mineral Acids,
907,IS 6092 : Part 4,1985,Methods of sampling and test for fertilizers : Part 4 Determination of potassium,
908,IS 6092 : Part 5,1985,Methods of sampling and test for fertilizers : Part 5 Determination of secondary elements and micronutrients,
909,IS 6092 : Part 6 -,1985,Methods of Sampling and Test (Active)                                           for Fertilizers - Part 6 Determination of Moisture and Impurities - (Vaild upto 28 February 2027),
910,IS 6108,1971,Edible Sesame Flour (Solvent Extracted),
911,IS 6109,1971,Edible Sesame Flour (Expeller Pressed),
912,IS 612,1992,Roasted Chicory Powder,
913,IS 6122,1997,Seer Fish (Scomberomorus Sp.) - Frozen,
914,IS 6123,1971,"Seer Fish (scomberomorus spp.), Fresh",
915,IS 6169,1983,"Methods for determination of BHC,(HCH) residue in food comodities",
916,IS 6178,1982,Pyrethrum Dusting Powders,
917,IS 6228,1971,Poultry Egg Fertility Tester,
918,IS 6242,1985,Solvent Extracted Undecorticated Safflower Oilcake as Livestock Feed Ingredient,
919,IS 6261,1971,Methods of analysis for detection of insect and rodent contamination in grains and milled products,
920,IS 6273 : Part 3 : Sec 2,1983,Guide for Sensory Evaluation of Foods - Part 3 : Statistical Analysis of Data - Section 2 : Ranking and Scoring Tests,
921,IS 6284 - (Active),1985,Test Code for Power Thresher for Cereals - (Vaild upto 28 February 2027),
922,IS 6287,1985,Methods of Sampling and Analysis for Sugar Confectionery,
923,IS 6288,1971,Test Code for Mouldboard Ploughs,
924,IS 631,1979,Outdoor Aluminium Foodgrain Storage Bins,
925,IS 6316,1993,Sowing Equipment - Seed- cum-fertilizer Drill - Test Code,
926,IS 6320,1985,"Power Thresher, Hammer-mill Type",
927,IS 634,1965,Specification for Ethylene Dichloride-carbon Tetrachloride Mixture (3 : 1 v/v),
928,IS 7003,1973,Code For Hygienic Conditions For Sago (saboodana) Manufacturing Units,
929,IS 7004,1973,"Yeast Extract, Microbiological Grade",
930,IS 7005,1973,"Code for Hygienic Conditions for Production, Processing, Transportation and Distribution of Milk",
931,IS 7874 : Part 1,1975,Methods of tests for animal feeds and feeding stuffs: Part 1 General methods,
932,IS 7874 : Part 2,1975,Methods of tests for animal feeds and feeding stuffs:Part 2 Minerals and trace elements,
933,IS 8220,1976,Protein-rich Concentrated Nutrient Supplementary Foods,
934,IS 6360,1971,Lacto Bonbon,
935,IS 6364,1993,Spices and Condiments - Tamarind Pulp,
936,IS 6384 : Part 1,1978,"Code for care, management and housing of laboratory animals: Part 1 Laboratory monkeys",
937,IS 6384 : Part 2,1971,"Code for care, management and housing of laboratory animals: Part 2 Laboratory dogs",
938,IS 6384 : Part 3,1971,"Code for care, management and housing of laboratory animals: Part 3 Laboratory cats",
939,IS 6448,2018,Diammonium Phosphate - Speciification ( Third Revision),
940,IS 6483,2004,Tractors and Machinery for Agriculture and Forestry - Linch Pins and Spring Pins - Dimensions and Requirements,
941,IS 6540,1972,Code for hygienic conditions for manufacture and handling of ice for human consumption,
942,IS 6557,1972,"Albumen Flakes, Non-Edible Quality",
943,IS 6635,1972,Tractor Operated Disc Harrows,
944,IS 6638,1972,Tractor-Mounted Spring- Loaded Cultivators,
945,IS 6663,1972,Method for Determination of Angle of Repose of Grains,
946,IS 6669,2001,Apples - Guide for Cold Storage,
947,IS 6670,2018,Storage of Potatoes - Guidelines ( First Revision ),
948,IS 6695,1998,Honey bees - Code for conservation and maintenance,
949,IS 6696,1972,Egg Washing Machines,
950,IS 6747,2018,Chewing Gum - Specification ( Second Revision ),
951,IS 6762,1986,Drinking Chocolate (Sweetened Cocoa Powder),
952,IS 6813,2000,Sowing Equipment - Seed- cum-fertilizer Drill,
953,IS 6847,1995,Code of practice for installation of agricultural wheeled tractor,
954,IS 6851,1973,"Meat Extract, Microbiological Grade",
955,IS 6852,1973,"Bile Salts, Microbiological Grade",
956,IS 6853,1973,"Peptone, Microbiological Grade",
957,IS 6854,1973,Method of sampling and test for ingredients used in media for microbiological work,
958,IS 6894,1993,Malting Barley,
959,IS 6895,1973,Barely Malt (Incorporated Amendement No. 1),
960,IS 7021,2017,Protein - Rich Food Supplements for Infants and Pre-School Children - Specification (First Revision),
961,IS 7052,1973,Test code for power maize shellers,
962,IS 7058,2005,Table Wines,
963,IS 7122,1984,Carbaryl Dusting Powders,
964,IS 7127,1973,"Tryptone, Microbiological Grade",
965,IS 7128,1973,"Proteose Peptone, Microbiological Grade",
966,IS 7143,1973,Crab Meat Canned in Brine,
967,IS 7179,1973,Disposable Plastic Artificial Insemination Pipettes for Cattle,
968,IS 7187,1989,Ice Cream Cones,
969,IS 7191,2001,Tomatoes - Guide for Cold Storage and Refrigerated Transport,
970,IS 7201 : Part 1,1987,Methods of Sampling for Agricultural Machinery and Equipment - Part 1 : Hand-tools and Hand-operated/Animal- drawn Equipment,
971,IS 7203,1973,"Casein Hydrolysate (Acid Digested), Microbiological Grade",
972,IS 7219 - (Active),1973,Method for determination of protein in foods and feeds - (Vaild upto 23 December 2026),
973,IS 7224,2006,"Iodized salt, vacuum evaporated iodized salt and refined iodized salt",
974,IS 7230,1974,Plain Spool For Tractor Operated Disc Harrows,
975,IS 7233,1991,"Pesticide - 2, 4-D, Ethyl Ester Technical Specification",
976,IS 7235,1974,Method for Estimation of Tocopherols (vitamin E) in Foodstuffs,
977,IS 7239,2007,"Gum Ghatti, Food Grade",
978,IS 7247 : Part 1,1974,Code of practice for fumigation of agricultural produce: Part 1 Methyl bromide,
979,IS 7247 : Part 4,1975,Code of practice for fumigation of agricultural produce: Part 4 Ethylene dichloride and Carbon tetrachloride mixture,
980,IS 7313,1974,Glossary of Important Fish Species of India,
981,IS 7375,1979,Salseed Fat,
982,IS 7463,2004,Wheat Flour (Maida) for Use in bakery Industry,
983,IS 7481 - (Active),1974,Method for determination of protein efficiency ratio (PER) - (Vaild upto 28 February 2027),
984,IS 7482,1989,Protein-based Beverages,
985,IS 7487,1986,Protein-Enriched Biscuits,
986,IS 75 - (Active),1973,"Linseed Oil, Raw and Refined - (Vaild upto 02 December 2026)",
987,IS 7516 - (Active),1974,Specification for Trap Nests for Poultry - (Vaild upto 18 August 2026),
988,IS 7517,1987,Pedigree Hatching Boxes for Poultry,
989,IS 7518,1974,Laying Battery Cages for Poultry,
990,IS 7530,1975,Method for estimation of pyridoxine (Vitamin B-6) in foodstuffs,
991,IS 7535,1975,"Liver Extract, Microbiological Grade",
992,IS 8071,1976,"Propanil, Technical",
993,IS 8076,2000,Frozen Cuttle Fish and Squid,
994,IS 8664,1977,Edible Coconut Flour (Expeller Pressed),
995,IS 8665,1977,Protein-Fortified Bread,
996,IS 8676,1977,Edible Coconut Flour (Solvent Extracted),
997,IS 8677,1977,Edible Sunflower Seed Flour (Solvent Extracted),
998,IS 8678,1977,Vegetable Protein-Based Yoghurt (Vegetable Curds),
999,IS 7565 : Part 2,1988,Tines for Tractor Operated Cultivators - Part 2 : S-type Tines,
1000,IS 7582,1975,"Crab Meat, Solid Packed",
1001,IS 7585 - (Active),1995,Wines - Methods of Analysis - (Vaild upto 21 January 2027),
1002,IS 7592,1989,Peanut Chikki (Candy),
1003,IS 7593 : Part 1,1986,Power-Operated Pneumatic Sprayer-Cum-Duster - Part 1 : Knapsack Type,
1004,IS 7640,1975,Test code for disc harrows,
1005,IS 7675,1975,Method for sensory evaluation of beer,
1006,IS 7715,1975,Methods for testing suitability of bins for safe storage of foodgrains,
1007,IS 7732,2003,Apple Juice Preserved Exclusively by Physical Means,
1008,IS 7749,2016,Walnuts - Specification ( First Revision ),
1009,IS 7768,1975,Method for sensory evaluation of milk,
1010,IS 7769,1975,Method for sensory evaluation of table butter,
1011,IS 7770,1975,Method for Sensory Evaluation of Ghee (Clarified Butterfat),
1012,IS 7799,1975,Code for preservation of vitamins in foodstuffs,
1013,IS 7801,1975,"Trypsin, Microbiological Grade",
1014,IS B7802,1975,Code Of Hygienic Conditions For Sweetmeat Shop(bi- lingual),
1015,IS 7807,1975,Methods of Test for Asafoetida,
1016,IS 7815 - (Active),1975,Method for estimation of amino acids in foodstuffs (Incorporated Amendement No.1) - (Vaild upto 28 February 2027),
1017,IS 7825,2004,Cylinder Type Hand Lawn Mower,
1018,IS 7826 - (Active),1984,Specification for Ginger Oleoresin - (Vaild upto 18 August 2026),
1019,IS 7836,2013,Edible Low-fat Soya Flour,
1020,IS 7897,1975,Test Code For Chaff Cutter,
1021,IS 7905,2018,"Calcium Alginate, Food Grade - Specification ( Second Revision)",
1022,IS 7927,1975,Method of field testing for manually operated paddy weeder,
1023,IS 7928,1993,"Alginic Acid, Food Grade",
1024,IS 7997,1976,Guide for tasting products of intense flavour,
1025,IS 8027,1976,Propanil Emulsifiable concentrates,
1026,IS 8102,1990,Technical requirements for frozen semen of breeding bull,
1027,IS 8104,1996,Chillies - Determination of Scoville Index,
1028,IS 8108 : Part 1,2019,Methods of Test for Grain Dryers Part 1 Selection and Preparation for Test ( Second Revision ),
1029,IS 8108 : Part 2,1984,Test code for grain dryers: Part 2 Method of tests for continuous dryers,
1030,IS 8108 : Part 3,1985,Test code for grain dryers: Part 3 Methods of tests for in-silo dryers,
1031,IS 8122 : Part 1 -,1994,Test Code for Combine (Active)                                     Harvester-thresher - Part 1 : Terminology - (Vaild upto 21 January 2027),
1032,IS 8122 : Part 2 -,2000,Combine-Harvester-Thresher - (Active)                                     Test Code - Part 2 : Performance Test - (Vaild upto 21 January 2027),
1033,IS B8123,1976,"Code for hygienic conditions for sale of cut fruits, fruit juice and fruit salad(BI-LINGUAL)",
1034,IS 8140,1976,Guide for Selection of Panel for Sensory Evaluation of Foods and Beverages,
1035,IS 8162,1998,Wheat flour - Method for determination of wet gluten,
1036,IS 8168 - (Active),1976,Method for determination of available lysine in foods - (Vaild upto 28 February 2027),
1037,IS 8184,1976,Method for determination of ergot in foodgrains,
1038,IS 8190 : Part 1,1988,Requirements for Packing of Pesticides - Part 1 : Solid Pesticides,
1039,IS 8190 : Part 2,1988,Requirement for packing of pesticides: Part 2 Liquid pesticides,
1040,IS 8190 : Part 3,1979,Requirement for packing of pesticides: Part 3 Household pesticides,
1041,IS 8190 : Part 4,1988,Requirement for packing of pesticides: Part 4 Fumigants,
1042,IS 8211,1976,Edible Soya Protein Isolate,
1043,IS 8212,1976,Edible Groundnut Protein Isolate,
1044,IS 8236,2019,Slats for Cane Carriers - Specification ( Second Revision ),
1045,IS 8249,2019,"Zinc Sulphate Heptahydrate, Agricultural Grade - Specification ( Second Revision )",
1046,IS 826,2018,"Ammonium Sulphate, Fertilizer Grade - Specification ( Third Revision )",
1047,IS 8265,1996,Agricultural tractors - Guards for power take-off (PTO) drive- shafts,
1048,IS 8286,1976,Dalapon-sodium Salt Water Soluble Powders,
1049,IS 8323,2018,Palm Oil - Specification,
1050,IS 8359,2018,Urea Ammonium Phosphate Based Fertilizers - Specification ( Second Revision ),
1051,IS 8420,2000,Grain Dryers - Glossary of Terms,
1052,IS 8427,1989,Agricultural Produce Milling Machinery - Rubber Roll for Paddy Dehusker,
1053,IS 8445,1991,"Pesticide - Carbendazim (MBC), Technical",
1054,IS 8446,1991,Pesticide - Carbendazim (MBC) WP,
1055,IS 8453,1977,Code of practice for construction of polyethylene embedded earthen bins for bulk storage of foodgrains,
1056,IS 8479 : Part 1,1977,Method for determination of phosphatase activity in milk and milk products: Part 1 Routine method,
1057,IS 8496,1977,"Propoxur, Technical",
1058,IS 8524,1977,Solar Wax Extractor,
1059,IS 8555,1988,Bread Rusks,
1060,IS 8556,1988,Bun,
1061,IS 8591,1980,Kokum Fat,
1062,IS 8639,1977,Code for evaluation of the effect of packaging and storage on the sensory qualities of foods and beverages,
1063,IS 8702,2015,"Diuron, Technical - Specification ( First Revision )",
1064,IS 8708,2006,Mancozeb Wettable powder,
1065,IS 8713,2003,Mango Juice Preserved Exclusively by Physical Means,
1066,IS 873,1974,Liquid Glucose,
1067,IS 874,1992,Dextrose Monohydrate,
1068,IS 8786,1978,Okra (Bhindi) Canned in Tomato Sauce,
1069,IS 8847,1978,Dried Glucose Syrup,
1070,IS 8865,2019,Cocoa Beans - Specification and Quality Requirements ( Third Revision ),
1071,IS 887 - (Active),1977,Animal Tallow - (Vaild upto 02 December 2026),
1072,IS 9215,1979,Outdoor Steel Bins for Foodgrain Storage,
1073,IS 9216,1992,Nutrition and nutritious foods - Glossary of terms,
1074,IS 9217,1979,Test code for agricultural discs,
1075,IS 9231,1979,Mango Kernel Fat,
1076,IS 9232,1979,Ambadi Oil,
1077,IS/ISO 14718,1998,Animal feedings stuffs - Determination of aflatoxin B1 content of mixed feeding stuffs - Method using high- performance liquid chromatography,
1078,IS/ISO 14902,2001,Animal feeding stuffs - Determination of trypsin inhibitor activity of soya products,
1079,IS/ISO 22000,2018,Food Safety Management Systems - Requirements for any Organization in the Food Chain ( First Revision ),
1080,IS 8879,1980,Dhupa Fat,
1081,IS 8881,1978,Khakan Fat,
1082,IS 8895,2015,"Handling, Storage and Transport of Slaughterhouse By-Products - Guidelines ( First Revision )",
1083,IS 8896,1978,Nahor Oil,
1084,IS 8944,2005,Chlorpyrifos Emulsifiable Concentrates,
1085,IS 8961,1978,"Chlormequat Chloride, Technical",
1086,IS 8962,1978,Chlormequat Chloride Aqueous Solutions,
1087,IS 8963,2006,"Chlorpyrifos, Technical",
1088,IS 8968,1978,Specification forFarm drainage concrete tiles,
1089,IS 8972,1978,Method for determination of co- efficient of friction of foodgrains,
1090,IS 9019 - (Active),1979,"Code of practice for installation, operation and preventive maintenance of power threshers - (Vaild upto 28 February 2027)",
1091,IS B9020,2002,Power Threshers - Safety Requirements(BI-LINGUAL),
1092,IS 9027,1978,Method for determination of thermal conductivity of foodgrains,
1093,IS 9037,1979,Peanut Butter,
1094,IS 9039,1979,Edible Sunflower Seed Grits,
1095,IS 9070,1979,Method for determination of fat in cheese by Van Gulik method,
1096,IS 9071 : Part 1,1979,"Code of practice for control of aflatoxin in groundnut: Part 1 Harvesting, transport & storage of groundnuts",
1097,IS 9071 : Part 2,1979,Code of practice for control of aflatoxin in groundnut: Part 2 Plant storage and processing flour and oil,
1098,IS 9130,1979,Edible Spray Dried Potato Flour,
1099,IS 9164,1979,Guide for estimating cost of farm machinery operation,
1100,IS 920,1972,Common Salt and Cattle Licks for Animal Consumption,
1101,IS 9314,2019,Cocoa Beans - Sampling (Second Revision),
1102,IS 9328,1989,Confectionery industry - Glossary of terms,
1103,IS 9357 - (Active),1980,"Triallate, Technical) - (Vaild upto 09 January 2027)",
1104,IS 9362,1980,Butachlor Granules,
1105,IS 9373 - (Active),1979,Glossary of Terms Relating to Bakery Industry - (Vaild upto 28 February 2027),
1106,IS 9374 - (Active),1979,Glossary Of Terms Relating To Flour Milling Industry - (Vaild upto 21 January 2027),
1107,IS 9486,2011,Spices And Condiments - Dehydrated Green Pepper - Specification,
1108,IS 9487,1980,Specification for `Ready-to-eat' Protein-rich Extruded Foods,
1109,IS 9488,1980,Edible Coconut Protein Concentrates,
1110,IS 9504,2007,"L (+) - Tartaric Acid, Food Grade",
1111,IS 9505,2007,"Monosodium L-glutamate, Food Grade",
1112,IS 9575,1980,"Power Lawn Mower, Pedestrian-controlled Cylinder (reel) Type",
1113,IS 9581,1980,Safety and operational requirements for pedestrian- controlled cylinder (reel) power lawn mowers,
1114,IS 9587,1980,Tamarind Kernel Oil,
1115,IS 9605,1992,"Alpha-amylase, food grade",
1116,IS 9629,2004,"Maize Atta, Maize Maida and Maize Suji",
1117,IS 9665,1981,Propoxur Emulsifiable Concentrates,
1118,IS 9666,1980,Blank Granules,
1119,IS 9696,1980,Code Of Practice For Installation Of Farm Drainage Tile Or Pipe System,
1120,IS 9712,1981,Cakes,
1121,IS 9789,1981,Canned Apricot,
1122,IS 9790,1981,Canned French Beans,
1123,IS 9791,1981,Canned Tinda,
1124,IS 9800,1993,Meat and Meat Products - Day- Old Chicks (layers and broilers) Basic Requirements,
1125,IS 9808,1981,Fish Protein Concentrate,
1126,IS 9810,1981,Method for evaluation of quality of fresh chicken eggs,
1127,IS 9811,1981,Canned Kundri,
1128,IS 9812,1981,Canned Spinach,
1129,IS 9818 : Part 1,1981,Glossary of terms relating to tillage and intercultivation equipment: Part 1 General terms,
1130,IS 9818 : Part 2,1981,Glossary of terms relating to tillage and intercultivation equipment: Part 2 Terms relating to equipment,
1131,IS 9820,1981,Method for estimation of biotin in foodstuffs,
1132,IS 9822,1981,Canned Parwal,
1133,IS 9823,1981,Canned Potatoes,
1134,IS 9826,1981,Glossary of terms relating to harvesting and threshing equipment,
1135,IS 9853,2018,Stainless Steel Accessories for Village Milk Collection Center - Specification ( First Revision ),
1136,IS 9854,2018,Code for Construction of Milk Delivery Vans ( First Revision ),
1137,IS 9855,1981,"Glossary of terms relating to sowing, planting, fertilizers and manure application equipment",
1138,IS 9856,1981,Test code for potato planters,
1139,IS 9864,1981,Guidelines for stocking spare parts of agricultural tractors,
1140,IS 9867,1981,Parboiled Rice Bran as livestock feed ingredient,
1141,IS 9877,1981,"Code of practice for installation, operation and preventive maintenance of grain combine",
1142,IS 9935,2002,Power Tiller - Test Code,
1143,IS 9939,1981,Glossary of terms relating to agricultural tractors and power tillers,
1144,IS 9955,1981,Rubber Seed Oil,
1145,IS 9956,1981,Palas Oil,
1146,IS 9957,1981,Undi Oil,
1147,IS 9967 : Part 1,2008,Milk and milk products - Determination of nitrate and nitrate contents : Part 1 Method using cadmium reduction and spectrometry,
1148,IS 9967 : Part 2,2008,Milk and milk products - Determination of nitrate and nitrite contents : Part 2 Method using segmented flow analysis,
1149,IS 9967 : Part 3,2008,Milk and milk products - Determinaion of nitrate and nitrite contents : Part 3 Method using cadmium reduction and flow injection analysis with in- line dialysis,
1150,IS 9979,1981,Code for design and laying of mineral filters for tile drain system,
1151,IS 9980,1988,Guidelines for field performance and haulage tests of power tillers,
1152,IS/ISO 13903,2005,Animal feeding stuffs - Determination of amino acids content,
1153,IS/ISO 5061,2002,Animal feedings stuffs - Determination of castor oil seed husks - microscope method,
1154,IS/ISO 6492,1999,Animal feeding stuffs - Determination of fat content,
1155,IS/ISO 6496,1999,Animal feeding stuffs - Determination of moisture and other volatile matter content,
1156,IS/ISO 6865,2000,Animal feeding stuffs - Determination of crude fibre content - Method with intermediate filtration,
1157,IS/ISO 6866,1985,Animal feeding stuffs - Determination of free and total gossypol,
1158,IS/ISO 789 : PART 8,1991,Agricultural Tractors - Test Procedures - Part 8 : Engine Air Cleaner,
1159,IS/ISO/TS 22003,2013,Food Safety Management Systems - Requirements for Bodies Providing Audit and Certification of Food Safety Management Systems ( First Revision ),
1160,SP 44,1989,Handbook of Agricultural Machinery Terminology,
1161,IS 7147 : Part 1,1973,Steel Bins for Domestic Storage - Part I : Gharelu Kothi,
1162,IS 12700,2017,"Wheat, Rye and Their Flours, Durum Wheat and Durum Wheat Semolina - Determination of the Falling Number According to Hadberg- Perten (Second Revision)",
1163,IS 11585,2009,"Insulated Stainless Steel Silos For Milk Storage Capacity 30, 40, 60 And 100 Kilo Litres -specification",
1164,IS 16232,2014,Iron Fortified Iodized Salt (Double Fortified Salt) - Food Grade - Specification,
1165,IS 1224 : Part 1,1977,Determination of Fat by the Gerber Method - Part I : Milk,
1166,IS 13485 : Part 2,1998,Forestry Tools - Stalk Puller: Part 2 Heavy Duty,
1167,IS 1479 : Part 3,1977,Methods of Test for Dairy Industry - Part III : Bacteriological Analysis of Milk,
1168,IS 14934,2001,Oxyfluorfen Technical,
1169,IS 15642 : Part 1 AND 2 ,2006,Quick methods for detection of adulterants/contaminants in common food products,
1170,IS 15795,2018,Cigarettes and Filter Rods - Determination of Nominal Diameter - Method Using a Non-contact Optical Measuring Apparatus ( First Revision ),
1171,IS 15827,2019,Cladding Films for Greenhouse / Polyhouse - Specifications ( First Revision ),
1172,IS 4333 : Part 4,2017,Methods of Analaysis for Foodgrains Part 4 Determination of the Mass of 1 000 Grains (Second Revision),
1173,IS 5654 : Part 1,1970,Feeds for Laboratory Animals - Part I : Rats and Mice,
1174,IS 5654 : Part 2,1970,Feeds for Laboratory Animals - Part II : Guinea Pigs,
1175,IS 5887 : Part 1,1976,"Methods for Detection of Bacteria Responsible for Food Poisoning - Part I : Isolation, Identification and Enumeration of Escherichia Coli",
1176,IS 6092 : Part 3,1985,Methods of sampling and test for fertilizers : Part 3 Determination of phosphorus,
1177,IS 6151 : Part 2,1971,Storage Management Code - Part II : General Care in Handling and Storage of Agricultural Produce and Inputs,
1178,IS 6151 : Part 3,1976,Storage Management Code - Part III : Specific Care in Handling and Storage of Agricultural Produce and Inputs,
1179,IS 7565 : Part 1,1975,Tines for Tractor-operated Cultivators - Part I : Rigid Tines,
1180,IS/ISO 5983 : PART 1,2005,Animal Feeding stuffs - Determination of nitrogen content and calculation of crude protein content : Part 1 Kjeldahl method,
1181,IS/ISO 5983 : PART 2,2005,Animal feeding stuffs - Determination of introgen content and calculation of crude protien content : Part 2 block digestion/steam distillation method,
1182,IS 1011,2002,Biscuits (bi-lingual),
1183,IS 15857,2009,Cotton seed delinting machinery - Mobile-charging machine,
1184,IS 15863,2009,Cotton Seed Delinting Machinery - Inclined Flight Belt Conveyor,
1185,IS 15828,2009,Design and construction of plastic lined farm ponds - Code of practice,
1186,IS 8361,2014,Palmolein Specification,
1187,IS 15849,2009,Phosphate solubilizing fungal inoculants - Aspergillus awamori,
1188,IS H12220,1987,Ready Gulab Jamun Mix (HINDI),
1189,IS H9877,1981,"Code of practice for installation, operation and preventive maintenance of grain combine (HINDI)",
1190,IS B8074,1990,Monocrotophos Sl (BI- LINGUAL),
1191,IS/ISO 21569,2005,Foodstuffs - Method of Analysis for the Detection of Genetically Modified Organisms and Derived Products - Qualitative Nucleic Acid Bsed Methods,
1192,IS/ISO 21571,2005,Foodstuffs - Methods of analysis for the detection of genetically modified organisms and derived products - Nucleic acid extraction,
1193,IS 3865,2001,Beer,
1194,IS 10974 : Part 5,1984,"Code For Hygienic Conditions For Production, Transport, Storage And Distribution Of Indigenous Milk Products: Part 5 Fermented Products Shrikhand",
1195,IS 12199,1987,Pneumatic-wheeled Animal Drawn Vehicle,
1196,IS/ISO 21570,2005,Foodstuffs-Methods of Analysis for the Detection of Genetically Modified Organisms and Derived Products-Quantitative Nucleic Acid Based Methods,
1197,IS 15888,2010,Guideline for the Conduct of Food Safety Assessment of Foods Derived from Recombinant-DNA Plants,
1198,IS 15855,2010,Cotton Seed Delinting Machinery - Surge Bin Machine,
1199,IS 15856,2010,Cotton Seed Delinnting Machinery-Pre-Heating Machine-Specification,
1200,IS 15887,2010,Principles for the Risk Analysis of Foods Derived from Modern Biotechnology,
1201,IS 15889,2010,Guideline For The Conduct Of Food Safety Assessment Of Foods Produced Using Recombinant-dna Micro- organisms,
1202,IS 5839,2000,"Food Hygiene - Code Of Practice For Manufacture, Storage And Sale Of Icecream",
1203,IS/ISO 24276,2006,Foodstuffs - Method of Analysis for the Detection of Genetically Modified Organisms and Derived Products - General Requirements and Definitions,
1204,IS 15937 - (Active),2011,Meat and Meat Products - Determination of Chloramphenicol Content - Method Using Liquid Chromatography - (Vaild upto 18 August 2026),
1205,IS 7802,1975,Code of hygienic conditions for sweetmeat shop,
1206,IS B9813,2002,Tractor-Operated Blade Terracers (BI-LINGUAL),
1207,IS 15924,2011,Equipment for crop- protection - Methods for field measurement of spray drift,
1208,IS 15948,2011,Animal feeding stuffs - Determination of vitamin E content - Method using high- performance liquid chromatography,
1209,IS 15939,2011,Pesticide - Bifenthrin Wettable Powder,
1210,IS 15936,2011,"Pesticide - Bifenthrin,Technical",
1211,IS 15918,2011,Equipment for Crop Protection Sprayers Connection Threading,
1212,IS 15923 : Part 1,2011,Equipment for Crop Protection Drift Classification of Spraying Equipment Part 1 Classes,
1213,IS 15978,2012,"Cyphenothrin, Technical -",
1214,IS 15979,2012,"Cyphenothrin, EC -",
1215,IS 15919,2012,Equipment for Crop Protection - Test Methods for air-assisted Sprayers for Bush and Tree Crops,
1216,IS 15920,2012,Equipment For Crop Protection - Sprayer,
1217,IS 15949,2012,Fish-Meal - Vocabulary,
1218,IS B2557,1994,Annatto colour for food products - Specification,
1219,IS B7905,1996,"Calcium Alginate, Food Grade - Specification",
1220,IS B9505,2007,"Monosodium L-glutamate, Food Grade - Specification",
1221,IS 15950,2012,Animal Feeding Stuffs - Determination of Residues of Organochlorine Pesticides - Gas Chromatographic Method,
1222,IS 15951,2012,Animal Feeding Stuffs - Determination of Residues of Organophosphorus Pesticides - Gas Chromatographic Method,
1223,IS 15952,2012,Animal Feeding Stuffs - Determination of Furazolidone Content - Method using High- Performance Liquid Chromatography,
1224,IS/ISO 22006,2009,Quality Management Systems - Guidelines for the Application of ISO 9001 : 2008 to Crop Production,
1225,IS 16019,2012,Food Retail Management - Basic Requirements,
1226,IS 16020,2012,Food Safety Management - Requirements for Good Hygiene Practices,
1227,IS 16021,2012,Good Manufacturing Practices (GMP) - Requirements for Organizations in the Food Processing Sector,
1228,IS B5707,1996,"Agar, Food Grade - Specification(bi-lingual)",
1229,IS B14136,1994,Package Bee Box - Specification,
1230,IS 15990,2012,"Microbiology of Food and Animal Feeding Stuffs - Preparation of Test Samples, Initial Suspension and Decimal Dilusions for Microbiological Examination - Specific Rules for the Preparation of Meat and Meat Products",
1231,IS 15928,2012,"Sodium Hydroxide, Food Grade - Specification",
1232,IS 15929,2012,"Pectin, Food Grade - Specification",
1233,IS 16072,2012,Determination of Moisture Content in Milk Powder and Similar Products (Routine Method),
1234,IS 16022,2015,Routine Analytical Cigarette- Smoking Machine - Definitions and Standard Conditions ( First Revision ),
1235,IS 16147,2014,"Carrageenan, Food Grade - Specificaion",
1236,IS 16144,2014,Foodgrain Storage Godowns - Code of Practice,
1237,IS 16146,2014,"Aluminium Lake of Sunset Yellow, FCF, Food Grade - Specification",
1238,IS 16195,2014,"Milk, Milk Products and Infant Formulae - Guidelines for the Quantitative Determination of Melamine and Cyanuric Acid by LC-MS/MS",
1239,IS 16440,2016,Stainless Steel Milk Cans - Specification,
1240,IS 17045,2018,"Rotary Tiller ( Rotavator ) - Tractor Driven - Test Procedure, and Recommendations on Selected Performance Characteristics",
1241,IS 16710,2019,"Thiacloprid, Technical - Specification",
1242,IS 16519,2019,Jowar - Specification,
1243,IS 16119,2013,POTATOES - GUIDELINES FOR STORAGE IN ARTIFICIALLY VENTILATED STORES,
1244,IS 16132,2014,Tobacco and Tobacco Products - Determination of Alkaloid Content - Spectrometric Method,
1245,IS 16292,2014,Traceability of Finfish Products Specification on the Information to be Recorded in Farmed Finfish Distribution Chains,
1246,IS 16293,2014,Traceability of Finfish Products Specification on the Information to be Recorded in Captured Finfish Distribution Chains,
1247,IS 16414,2015,Hypromellose (HPMC) Capsule Shells - Specification,
1248,IS 16120,2013,POTATOES - STORAGE IN THE OPEN (IN CLAMPS),
1249,IS 16236,2015,Tobacco and Tobacco Products - Determination of Silicated Residues Insoluble in Hydrochloric Acid,
1250,IS 16326,2015,Ghee - Specification,
1251,IS 16262,2015,Threshed Tobacco - Determination of Residual Stem Content,
1252,IS 16131,2015,Imidacloprid Suspension Concentrate (SC) - Specification,
1253,IS 16287,2015,"Foodstuffs - Determination of Aflatoxin B1, and the Total Content of Aflatoxins B1, B2, G1 and G2 in Cereals, Nuts and Derived Products - High- Performance Liquid Chromatographic Method",
1254,IS 16212,2015,"Sulfosulfuron, Technical - Specification",
1255,IS 16213,2015,"Sulfosulfuron, WG - Specification",
1256,IS 16550 : Part 1,2016,Organic Production System and Labelling of Organically Produced Products Part 1 Crop Based,
1257,IS 16200,2015,Animal and Vegetable Fats and Oils - Determination of Ultraviolet Absorbance Expressed as Specific UV Extinction,
1258,IS 16340,2015,"Mepiquat Chloride, Technical - Specification",
1259,IS 16556,2016,"Municipal Solid Waste Compost, Manure Grade - Specification",
1260,IS 16134,2016,Cigarettes - Determination of Alkaloids in Smoke Condensates Spectrometric Method,
1261,IS 16331,2015,Fipronil Granules - Specification,
1262,IS 16427,2016,Microbiology of Food and Animal Feeding Stuffs - Polymerase Chain Reaction (PCR) for the Detection of Food-Borne Pathogens - Requirements for Sample Preparation for Qualitative Detection,
1263,IS 16428,2016,Microbiology of Food and Animal Feeding Stuffs - Polymerase Chain Reaction (PCR) for the Detection of Food-Borne Pathogens - Requirements for Amplification and Detection for Qualitative Methods,
1264,IS 16433,2016,Microbiology of Food and Animal Feeding Stuffs - Real- Time Polymerase Chain Reaction (PCR) for the Detection of Food-Borne Pathogens - General Requirements and Definitions,
1265,IS 5887 : Part 8 : Sec 3,2016,Methods for Detection of Bacteria Responsible for Food Poisoning Part 8 Horizontal Method for Enumeration of Coagulase-positive Staphylococci (Staphylococcus Aureus and Other Species) Section 3 Detection and MPN technique for low numbers,
1266,IS 16395,2015,"Pimento (Allspice) [Pimenta dioica (L.) Merr.], Whole or Ground - Specification",
1267,IS 16396,2015,Dried Mint (Spearmint) (Mentha spicata Linnaeus syn. Mentha viridis Linnaeus) - Specification,
1268,IS 16397,2015,Dried Peppermint (Mentha piperita Linnaeus) - Specification,
1269,IS 16398,2015,Dried Thyme (Thymus vulgaris L.) - Specification,
1270,IS 16399,2015,Laurel (Laurus nobilis L.) - Whole and Ground Leaves - Specification,
1271,IS 16401,2015,Juniper Berries (Juniperus communis Linnaeus) - Specification,
1272,IS 16402,2015,Dried Oregano (Origanum vulgare L.) - Whole or Ground Leaves - Specification,
1273,IS 16403,2015,Dehydrated terragon (Artemisia dracunculus Linnaeus) - Specification,
1274,IS 16404 : Part 1,2015,Savory - Specification Part 1 Winter Savory (Satureja montana Linnaeus),
1275,IS 16404 : Part 2,2015,Savory - Specification Part 2 Summer Savory (Satureja hortensis Linnaeus),
1276,IS 16405,2015,Dried Sweet Marjoram (Origanum majorana L.) - Specification,
1277,IS 16406,2015,Dried Sweet Basil (Ocimum basilicum L.) - Specification,
1278,IS 16407,2015,Dried Rosemary (Rosemarinus officinalis L.) - Specification,
1279,IS 16408,2015,Dried Sage (Salvia officinalis L.) - Specification,
1280,IS 16409,2015,Star Anise (Illicium verum Hook.f.) - Specification,
1281,IS 16424,2016,Microbiology of Food and Animal Feeding Stuffs - Horizontal Method for the Detection and Enumeration of Presumptive Escherichia coli - Most Probable Number Technique,
1282,IS 16734,2018,Demerara Sugar - Specification,
1283,IS 16892,2018,Sattu - Specification,
1284,IS 16263,2017,Leaf Tobacco - Determination of Strip Particle Size,
1285,IS 16311,2018,Olive Oil - Specification,
1286,IS 15930 : Part 5,2017,Requirements for Good Agricultural Practices - IndiaGAP Part 5 Coffee Base,
1287,IS 15930 : Part 8,2017,Requirements for Good Agricultural Practices - IndiaGAP Part 8 Cattle and Sheep Base,
1288,IS 16357,2017,Ginger and Its Oleoresins - Determination of the Main Pungent Components (Gingerols and Shogoals) - Method Using High- Performance Liquid Chromatography,
1289,IS 16358,2017,Dehydrated Garlic - Determination of Volatile Organic Sulphur Compounds,
1290,IS 16359,2017,Turmeric - Determination of Colouring Power - Spectrophotometric Method,
1291,IS 16360,2017,"Black Pepper and White Pepper, Whole or Ground - Determination of Piperine Content - Spectrophotometric Method",
1292,IS 16426,2017,Microbiology of Food and Animal Feeding Stuffs - Horizontal Method for the Detection of Escherichia coli O157,
1293,IS 16521,2017,"Spices and Condiments - White Pepper, Whole and Ground - Specification",
1294,IS 16494,2017,Foods for Special Dietary Use for Persons Intolerant to Gulten - Specification,
1295,IS 15317,2017,"Sensory Analysis - General Guidelines for the Selection, Training and Monitoring of Selected Assessors and Expert Sensory Assessors",
1296,IS 16328,2017,"Acetamiprid, SP - Specification",
1297,IS 16309 : Part 3,2017,Wheat and Wheat Flour - Gluten Content Part 3 Determination of Dry Gluten from Wet Gluten by an Oven Drying Method,
1298,IS 16309 : Part 4,2017,Wheat and Wheat Flour - Gluten Content Part 4 Determination of Dry Gluten from Wet Gluten by a Rapid Drying Method,
1299,IS 16339,2017,"Mepiquat Chloride, Aqueous Solution (AS)- Specification",
1300,IS 16429,2018,Microbiology of Food and Animal Feeding Stuffs- Horizontal Method for the Detection of Shigella spp.,
1301,IS 16431,2018,Microbiology of Food and Animal Feeding Stuffs- Polymerase Chain Reaction (PCR( for the Detection and Quantification of Food-Borne Pathogens- Performance Characteristics.,
1302,IS 16434,2018,Microbiology of Food and Animal Feeding Stuffs- Horizontal Method for the Determination of Low Numbers of Presumptive Bacillus Cereus- Most Probable Number Technique and Detection Method,
1303,IS 14483 : Part 3,2018,Fertilizer and Chemical Injector System Part 3 Fertilizer Tank- Specification,
1304,IS 15930 : Part 7,2018,Requirements for Good Agricultural Practices- IndiaGAP Part 7 - Poultry Base,
1305,IS 16527,2018,"Steviol Glycosides, Food Grade- Specification",
1306,IS 16802,2018,Tobacco and Tobacco Products- Preparation and Constitution of Identical Samples from the Same Lot for Collaborative Studies for the Evaluation of Test Methods,
1307,IS 16579,2018,Molecular Biomarker Analysis - General Definitions and Requirements for Microarray Detection of Specific Nucleic Acid Sequences,
1308,IS 16639,2018,Infant formula and Adult Nutritionals - Determination of Vitamin E and Vitamin A by Normal Phase High Performance Liquid Chromatography,
1309,IS 16640,2018,Infant formula and Adult Nutritionals - Determination of Vitamin B12 by Reversed Phase High Performance Liquid Chormatography (RP- HPLC),
1310,IS 16641,2018,Infant Formula - Determination of Nucleotides by Liquid Chromatography,
1311,IS 16649,2018,Infant Formula and Adult Nutritionals -Determination of Myo-Inositol by Liquid Chromatography and Pulsed Amperometry,
1312,IS 16643,2018,Food Products - Determination of the Glycaemic Index (GI) and Recommendation for food Classification,
1313,IS 16642,2018,Infant Formula and Adult Nutritionals - Determination of Pantothenic Acid by Ultra High Performance Liquid Chromatography and Tandem Mass Spectrometry Method ( UHPLC-MS/MS),
1314,IS 16962,2018,Areca Nut - Specification,
1315,IS 16780,2018,Tobacco - determination of Nitrate Content - Continuous - flow Analysis Method,
1316,IS 16658,2018,Tobacco and Tobacco Products - Cigarette Filters - Determination of Nicotine Alkaloid Retention Index and Water Retention Index by Gas Chromatography - Direct Method,
1317,IS 16832,2018,Tobacco and Tobacco Products - Determination of Total Alkaloids as Nicotine by Continuous-Flow Analysis - An Alternate Method Eliminating Use of Potassium Cyanide,
1318,IS 16680,2018,"Spices and Condiments - Aniseed, Whole - Specification",
1319,IS 16702,2018,Vermicompost - Specification,
1320,IS 16706,2018,"Carpropamid, Technical - Specification",
1321,IS 16523,2018,Soup Powder - Specification,
1322,IS 17010,2018,Tobacco and Tobacco Products - Determination of Reducing and Total Sugars,
1323,IS 16578,2018,Foodstuffs - Principles of Selection and Criteria of Validation for Varietal Identification Methods Using Specific Nucleic Acid,
1324,IS 16133,2018,Cigarettes - Determination of Alkaloid Retention by the Filters - Spectrometric Method,
1325,IS 16707,2018,Carbosulfan Granules - Specification,
1326,IS 16897,2018,Tobacco and Tobacco Products - Portion Packed Snus - Specification,
1327,IS/ISO 12824,2016,Royal Jelly - Specification,
1328,IS 16520,2018,Barley - Specification,
1329,IS 16682,2018,Ragi - Specification,
1330,IS 16952 : Part 3,2018,Tractors and Machinery for Agriculture - Seat Belts Part 3 Requirements for Assemblies,
1331,IS 16516,2018,Bajra - Specification,
1332,IS 16518,2018,Maize - Specification,
1333,IS 16952 : Part 1,2018,Tractors and Machinery for Agriculture - Seat Belts Part 1 Anchorage Location Requirements,
1334,IS 16952 : Part 2,2018,Tractors and Machinery for Agriculture - Seat Belts Part 2 Anchorage Strength Requirements,
1335,IS 16956,2018,"Thiodicarb, Technical &quot; Specification",
1336,IS 16919,2018,"Mancozeb + Carbendazim, Wettable Powder ( WP ) &quot; Specification ",
1337,IS 16920,2018,"Hexaconazole + Zineb, Wettable Powder ( WP ) &quot; Specification",
1338,IS 16921,2018,Imiprothrin Technical &quot; Specification,
1339,IS 16329,2018,"Milbemectin, EC - Specification",
1340,IS 16708,2018,"Oxadiargyl, Technical - Specification",
1341,IS 16873,2018,"Cassia Gum, Food Grade - Specification",
1342,IS 16965,2018,Microbiology of Food and Animal Feed - Primary Production Stage - Sampling Techniques,
1343,IS 16980,2018,"Microbiology of Food and Animal Feed - Preparation of Test Samples, Initial Suspension and Decimal Dilutions for Microbiological Examination - Specific Rules for the Preparation of Samples Taken at the Primary Production Stage",
1344,IS 16987,2018,"Microbiology of Food and Animal Feed - Real-Time Polymerase Chain Reaction ( PCR )-Based Method for the Detection of Food-Borne Pathogens - Horizontal Method for the Detection of Shiga Toxin-Producing Escherichia Coli ( STEC ) and the Determination of O157, O111, O26, O103 and O145 Serogroups",
1345,IS/ISO/TS 21569 : Part 4 ,2016,Horizontal Methods for Molecular Biomarker Analysis - Methods of Analysis for the Detection of Genetically Modified Organisms and Derived Products Part 4 Real- time PCR Based Screening Methods for the Detection of the P-nos and P-nos-nptII DNA Sequences,
1346,IS 16891,2018,Green Coffee - Guidelines for Storage and Transport,
1347,IS 16940,2018,"PCR-Based Qualitative Method for Simultaneous Detection and Differentiation of Two Events of Bt Cotton, MON531 and MON15985",
1348,IS 16489,2018,Soymilk (Non-Dairy Product) - Specification,
1349,IS 16847,2018,Tobacco and Tobacco Products - Draw Resistance of Cigarettes and Pressure Drop of Filter Rods - Standard Conditions and Measurement,
1350,IS 16917,2018,"Tricyclazole + Mancozeb, Wettable Powder ( WP ) &quot; Specification",
1351,IS 16496,2018,Special Dietary Foods with Low-Sodium Content (Including Salt Substitutes) - Specification,
1352,IS/ISO/TS 22002 : Part 2 ,2013,Prerequisite Programmes on Food Safety Part 2 Catering,
1353,IS/ISO/TS 22002 : Part 4 ,2013,Prerequisite Programmes on Food Safety Part 4 Food Packaging Manufacturing,
1354,IS 17068,2019,Guidelines for Formulated Supplementary Foods for Older Infants and Young Children,
1355,IS 16955,2019,"Spiromesifen, Suspension Concentrate (SC) &quot; Specification",
1356,IS 16674,2019,"Spiromesifen, Technical &quot; Specification",
1357,IS 17130,2019,Table Olive - Specification,
1358,IS 15930 : Part 3,2019,Requirements for Good Agricultural Practices - IndiaGAP Part 3 Combinable Crop Base,
1359,IS 15930 : Part 4,2019,Requirements for Good Agricultural Practices - IndiaGAP Part 4 Tea Base,
1360,IS 17113 : Part 1,2019,Microbiology of the Food Chain - Method Validation Part 1 Vocabulary,
1361,IS 17113 : Part 2,2019,Microbiology of the Food Chain - Method Validation Part 2 Protocol for the Validation of Alternative ( Proprietary ) Methods against a Reference Method,
1362,IS 17125,2019,Novaluron Technical &quot; Specification,
1363,IS 17112 : Part 1,2019,Microbiology of the Food Chain - Horizontal Method for the Detection and Enumeration of Enterobacteriaceae Part 1 Detection of Enterobacteriaceae,
1364,IS 17112 : Part 2,2019,Microbiology of the Food Chain - Horizontal Method for the Detection and Enumeration of Enterobacteriaceae Part 2 Colony-Count Technique,
1365,IS 17197,2019,Cigarettes - Determination of Loss of Tobacco from the Ends - Method Using a Rotating Cylindrical Cage,
1366,IS 17198,2019,Cigarettes - Determination of Menthol in Smoke Condensates - Gas Chromatographic Method,
1367,IS 17199,2019,Tobacco - Determination of the Content of Reducing Carbohydrates - Continuous- Flow Analysis Method,
1368,IS 16538,2019,Microsatellite Based PCR Protocol for Identification of Basmati Rice Varieties,
1369,IS 17177,2019,Infant Formula and Adult Nutritionals - Determination of Vitamin D by Liquid Chromatography- Mass Spectrometry,
1370,IS 17178,2019,Food Stuffs - Determination of Water Activity,
1371,IS 17186,2019,Traceability of Crustacean Products - Specifications on the Information to be Recorded in Farmed Crustacean Distribution Chains,
1372,IS 17189,2019,Traceability of Crustacean Products - Specifications on the Information to be Recorded in Captured Crustacean Distribution Chains,
1373,IS 17187,2019,Traceability of Crustacean Products - Specifications on the Information to be Recorded in Captured Crustacean Distribution Chains,
1374,IS 17188,2019,Traceability of Molluscan Products - Specifications on the Information to be Recorded in Farmed Molluscan Distribution Chains,
1375,IS 17231,2019,"Agricultural Wheeled Tractors - Rear-Mounted Three-Point Linkage - Categories 1N, 1, 2N, 2, 3N, 3, 4N and 4",
1376,IS 17176,2019,Infant Formula and Adult Nutritionals - Determination of Vitamin C by ( Ultra ) High Performance Liquid Chromatography with Ultraviolet Detection ( ( U ) HPLC-UV ),
1377,IS 17156 : Part 1,2019,Cotton Picker Machine Part 1 Terminology,
1378,IS 17201,2019,"Validamycin, Liquid ( L ) &quot; Specification",
1379,IS 17203,2019,Novaluron EC &quot; Specification,
1380,IS 8707 Amd. 1,2018,Amendment No. 1 to IS 8707,
1381,IS 1005 Amd. 1,1998,Amendment No. 1 to IS 1005,
1382,IS 10038 Amd. 1,1998,Amendment No. 1 to IS 10038,
1383,IS 1011 Amd. 1,2006,Amendment No. 1 to IS 1011,
1384,IS 10252 Amd. 1,1996,Amendment No. 1 to IS 10252,
1385,IS 10252 Amd. 2,2014,Amendment No. 2 to IS 10252,
1386,IS 10253 Amd. 1,1996,Amendment No. 1 to IS 10253,
1387,IS 10253 Amd. 2,2014,Amendment No. 2 to IS 10253,
1388,IS 10273 Amd. 1,1995,Amendment No. 1 to IS 10273,
1389,IS 10273 Amd. 2,2013,Amendment No. 2 to IS 10273,
1390,IS 1158 Amd. 3,1998,Amendment No. 3 to IS 1158,
1391,IS 11581 Amd. 1,1988,Amendment No. 1 to IS 11581,
1392,IS 8222 Amd. 1,2013,Amendment No. 1 to IS 8222,
1393,IS 9038 Amd. 1,2013,Amendment No. 1 to IS 9038,
1394,IS 10059 Amd. 1,2017,Amendment No. 1 to IS 10059,
1395,IS 10065 Amd. 1,1989,Amendment No. 1 to IS 10065,
1396,IS 1007 Amd. 1,2016,Amendment No. 1 to IS 1007,
1397,IS 1008 Amd. 1,2006,Amendment No. 1 to IS 1008,
1398,IS 10083 Amd. 1,1992,Amendment No. 1 to IS 10083,
1399,IS 10119 Amd. 1,1985,Amendment No. 1 to IS 10119,
1400,IS 10119 Amd. 2,1988,Amendment No. 2 to IS 10119,
1401,IS 10134 Amd. 1,2002,Amendment No. 1 to IS 10134,
1402,IS 10243 Amd. 1,1994,Amendment No. 1 to IS 10243,
1403,IS 10243 Amd. 2,1998,Amendment No. 2 to IS 10243,
1404,IS 10243 Amd. 3,2009,Amendment No. 3 to IS 10243,
1405,IS 10244 Amd. 1,2002,Amendment No. 1 to IS 10244,
1406,IS 10319 Amd. 1,1988,Amendment No. 1 to IS 10319,
1407,IS 10319 Amd. 2,1994,Amendment No. 2 to IS 10319,
1408,IS 10319 Amd. 3,2007,Amendment No. 3 to IS 10319,
1409,IS 10369 Amd. 1,2007,Amendment No. 1 to IS 10369,
1410,IS 10382 Amd. 1,2011,Amendment No. 1 to IS 10382,
1411,IS 10500 Amd. 2,2018,Amendment No. 2 to IS 10500,
1412,IS 10500 Amd. 1,2015,Amendment No. 1 to IS 10500,
1413,IS 1051 Amd. 1,1985,Amendment No. 1 to IS 1051,
1414,IS 1051 Amd. 2,1987,Amendment No. 2 to IS 1051,
1415,IS 1051 Amd. 3,1994,Amendment No. 3 to IS 1051,
1416,IS 1051 Amd. 4,2006,Amendment No. 4 to IS 1051,
1417,IS 1051 Amd. 5,2008,Amendment No. 5 to IS 1051,
1418,IS 1051 Amd. 6,2010,Amendment No. 6 to IS 1051,
1419,IS 1051 Amd. 7,2019,Amendment No. 7 to IS 1051,
1420,IS 10627 Amd. 1,1985,Amendment No. 1 to IS 10627,
1421,IS 10629 Amd. 1,1985,Amendment No. 1 to IS 10629,
1422,IS 10634 Amd. 1,1994,Amendment No. 1 to IS 10634,
1423,IS 10672 Amd. 1,1988,Amendment No. 1 to IS 10672,
1424,IS 10672 Amd. 2,1995,Amendment No. 2 to IS 10672,
1425,IS 10672 Amd. 3,1997,Amendment No. 3 to IS 10672,
1426,IS 10697 Amd. 1,1989,Amendment No. 1 to IS 10697,
1427,IS 10697 Amd. 2,2004,Amendment No. 2 to IS 10697,
1428,IS 10697 Amd. 3,2011,Amendment No. 3 to IS 10697,
1429,IS 10741 Amd. 1,1995,Amendment No. 1 to IS 10741,
1430,IS 10760 Amd. 1,2017,Amendment No. 1 to IS 10760,
1431,IS 10974 : Part 4 Amd. 1 ,2002,Amendment No. 1 to IS 10974 : Part 4,
1432,IS 11008 Amd. 1,1988,Amendment No. 1 to IS 11008,
1433,IS 11008 Amd. 2,1994,Amendment No. 2 to IS 11008,
1434,IS 11020 Amd. 1,1995,Amendment No. 1 to IS 11020,
1435,IS 11231 Amd. 1,2017,Amendment No. 1 to IS 11231,
1436,IS 11235 Amd. 1,2002,Amendment No. 1 to IS 11235,
1437,IS 11272 Amd. 1,1987,Amendment No. 1 to IS 11272,
1438,IS 1164 Amd. 2,2009,Amendment No. 2 to IS 1164,
1439,IS 1164 Amd. 1,2006,Amendment No. 1 to IS 1164,
1440,IS 11746 Amd. 1,2004,Amendment No. 1 to IS 11746,
1441,IS 11746 Amd. 2,2011,Amendment No. 2 to IS 11746,
1442,IS 11747 Amd. 1,2004,Amendment No. 1 to IS 11747,
1443,IS 11747 Amd. 2,2011,Amendment No. 2 to IS 11747,
1444,IS 11748 Amd. 1,2004,Amendment No. 1 to IS 11748,
1445,IS 11748 Amd. 2,2011,Amendment No. 2 to IS 11748,
1446,IS 11766 Amd. 1,1997,Amendment No. 1 to IS 11766,
1447,IS 11771 Amd. 1,2004,Amendment No. 1 to IS 11771,
1448,IS 11771 Amd. 2,2011,Amendment No. 2 to IS 11771,
1449,IS 11785 Amd. 1,1994,Amendment No. 1 to IS 11785,
1450,IS 11785 Amd. 2,2006,Amendment No. 2 to IS 11785,
1451,IS 11785 Amd. 3,2011,Amendment No. 3 to IS 11785,
1452,IS 11942 Amd. 1,2005,Amendment No. 1 to IS 11942,
1453,IS 11996 Amd. 1,1991,Amendment No. 1 to IS 11996,
1454,IS 11996 Amd. 2,1994,Amendment No. 2 to IS 11996,
1455,IS 11997 Amd. 2,1994,Amendment No. 2 to IS 11997,
1456,IS 12003 Amd. 1,1989,Amendment No. 1 to IS 12003,
1457,IS 12003 Amd. 2,1989,Amendment No. 2 to IS 12003,
1458,IS 12003 Amd. 3,1990,Amendment No. 3 to IS 12003,
1459,IS 12003 Amd. 4,1990,Amendment No. 4 to IS 12003,
1460,IS 12004 Amd. 2,2002,Amendment No. 2 to IS 12004,
1461,IS 12005 Amd. 1,2002,Amendment No. 1 to IS 12005,
1462,IS 12005 Amd. 2,2008,Amendment No. 2 to IS 12005,
1463,IS 12005 Amd. 3,2011,Amendment No. 3 to IS 12005,
1464,IS 12015 Amd. 1,1989,Amendment No. 1 to IS 12015,
1465,IS 12015 Amd. 2,1991,Amendment No. 2 to IS 12015,
1466,IS 12015 Amd. 3,1992,Amendment No. 3 to IS 12015,
1467,IS 12016 Amd. 1,1992,Amendment No. 1 to IS 12016,
1468,IS 12016 Amd. 2,1994,Amendment No. 2 to IS 12016,
1469,IS 12016 Amd. 3,1997,Amendment No. 3 to IS 12016,
1470,IS 12016 Amd. 4,2003,Amendment No. 4 to IS 12016,
1471,IS 12017 Amd. 1,1988,Amendment No. 1 to IS 12017,
1472,IS 12017 Amd. 2,1990,Amendment No. 2 to IS 12017,
1473,IS 12047 Amd. 1,1997,Amendment No. 1 to IS 12047,
1474,IS 13513 Amd. 1,2002,Amendment No. 1 to IS 13513,
1475,IS 12113 Amd. 1,2012,Amendment No. 1 to IS 12113,
1476,IS 12226 Amd. 1,2006,Amendment No. 1 to IS 12226,
1477,IS 1223 Amd. 1,2006,Amendment No. 1 to IS 1223,
1478,IS 12230 Amd. 1,1990,Amendment No. 1 to IS 12230,
1479,IS 12232 : Part 1 Amd. 1 ,2000,Amendment No. 1 to IS 12232 : Part 1,
1480,IS 12232 : Part 2 Amd. 1 ,1998,Amendment No. 1 to IS 12232 : Part 2,
1481,IS 13895 Amd. 1,1994,Amendment No. 1 to IS 13895,
1482,IS 12410 Amd. 1,2017,Amendment No. 1 to IS 12410,
1483,IS 12451 Amd. 1,1993,Amendment No. 1 to IS 12451,
1484,IS 12451 Amd. 2,1996,Amendment No. 2 to IS 12451,
1485,IS 12482 Amd. 1,1997,Amendment No. 1 to IS 12482,
1486,IS 1251 Amd. 1,1991,Amendment No. 1 to IS 1251,
1487,IS 12541 Amd. 1,2004,Amendment No. 1 to IS 12541,
1488,IS 12542 Amd. 1,2004,Amendment No. 1 to IS 12542,
1489,IS 12542 Amd. 2,2011,Amendment No. 2 to IS 12542,
1490,IS 12543 Amd. 1,2004,Amendment No. 1 to IS 12543,
1491,IS 12543 Amd. 2,2011,Amendment No. 2 to IS 12543,
1492,IS 12544 Amd. 1,2010,Amendment No. 1 to IS 12544,
1493,IS 12561 Amd. 1,2004,Amendment No. 1 to IS 12561,
1494,IS 12564 Amd. 1,1990,Amendment No. 1 to IS 12564,
1495,IS 12566 Amd. 1,1990,Amendment No. 1 to IS 12566,
1496,IS 12569 Amd. 1,1990,Amendment No. 1 to IS 12569,
1497,IS 12574 Amd. 1,1990,Amendment No. 1 to IS 12574,
1498,IS 12702 Amd. 1,1996,Amendment No. 1 to IS 12702,
1499,IS 12711 Amd. 1,1993,Amendment No. 1 to IS 12711,
1500,IS 12751 Amd. 1,1994,Amendment No. 1 to IS 12751,
1501,IS 12895 Amd. 1,1991,Amendment No. 1 to IS 12895,
1502,IS 12913 Amd. 1,1994,Amendment No. 1 to IS 12913,
1503,IS 12914 Amd. 1,1999,Amendment No. 1 to IS 12914,
1504,IS 12914 Amd. 2,2008,Amendment No. 2 to IS 12914,
1505,IS 12915 Amd. 1,1992,Amendment No. 1 to IS 12915,
1506,IS 12915 Amd. 2,1995,Amendment No. 2 to IS 12915,
1507,IS 12915 Amd. 3,1998,Amendment No. 3 to IS 12915,
1508,IS 12915 Amd. 4,2002,Amendment No. 4 to IS 12915,
1509,IS 12916 Amd. 1,1994,Amendment No. 1 to IS 12916,
1510,IS 12917 : Part 1 Amd. 1 ,1992,Amendment No. 1 to IS 12917 : Part 1,
1511,IS 12923 Amd. 1,2002,Amendment No. 1 to IS 12923,
1512,IS 12923 Amd. 2,2003,Amendment No. 2 to IS 12923,
1513,IS 12923 Amd. 3,2011,Amendment No. 3 to IS 12923,
1514,IS 12945 Amd. 1,1994,Amendment No. 1 to IS 12945,
1515,IS 12945 Amd. 2,2008,Amendment No. 2 to IS 12945,
1516,IS 13019 Amd. 1,1995,Amendment No. 1 to IS 13019,
1517,IS 13019 Amd. 2,1996,Amendment No. 2 to IS 13019,
1518,IS 13019 Amd. 4,2010,Amendment No. 4 to IS 13019,
1519,IS 13037 Amd. 1,1992,Amendment No. 1 to IS 13037,
1520,IS 13037 Amd. 2,1993,Amendment No. 2 to IS 13037,
1521,IS 13110 Amd. 1,1999,Amendment No. 1 to IS 13110,
1522,IS 13133 Amd. 1,1994,Amendment No. 1 to IS 13133,
1523,IS 13165 Amd. 1,2004,Amendment No. 1 to IS 13165,
1524,IS 13165 Amd. 2,2011,Amendment No. 2 to IS 13165,
1525,IS 13168 Amd. 1,1993,Amendment No. 1 to IS 13168,
1526,IS 1319 Amd. 1,2016,Amendment No. 1 to IS 1319,
1527,IS 1320 Amd. 1,1993,Amendment No. 1 to IS 1320,
1528,IS 13264 Amd. 1,2003,Amendment No. 1 to IS 13264,
1529,IS 13265 Amd. 1,2003,Amendment No. 1 to IS 13265,
1530,IS 13329 Amd. 1,1994,Amendment No. 1 to IS 13329,
1531,IS 13331 Amd. 1,1994,Amendment No. 1 to IS 13331,
1532,IS 13400 Amd. 1,2004,Amendment No. 1 to IS 13400,
1533,IS 13400 Amd. 2,2011,Amendment No. 2 to IS 13400,
1534,IS 13438 Amd. 1,1993,Amendment No. 1 to IS 13438,
1535,IS 13438 Amd. 2,1994,Amendment No. 2 to IS 13438,
1536,IS 13438 Amd. 3,1999,Amendment No. 3 to IS 13438,
1537,IS 13439 Amd. 1,1993,Amendment No. 1 to IS 13439,
1538,IS 13439 Amd. 2,1993,Amendment No. 2 to IS 13439,
1539,IS 13439 Amd. 3,1994,Amendment No. 3 to IS 13439,
1540,IS 13439 Amd. 4,1999,Amendment No. 4 to IS 13439,
1541,IS 13439 Amd. 5,2002,Amendment No. 5 to IS 13439,
1542,IS 13457 Amd. 1,1994,Amendment No. 1 to IS 13457,
1543,IS 13457 Amd. 2,1996,Amendment No. 2 to IS 13457,
1544,IS 13644 Amd. 1,1994,Amendment No. 1 to IS 13644,
1545,IS 13657 Amd. 1,2017,Amendment No. 1 to IS 13657,
1546,IS 13658 Amd. 2,2018,Amendment No. 2 to IS 13658,
1547,IS 13658 Amd. 1,2006,Amendment No. 1 to IS 13658,
1548,IS 13659 Amd. 1,2006,Amendment No. 1 to IS 13659,
1549,IS 13663 Amd. 1,1994,Amendment No. 1 to IS 13663,
1550,IS 13663 Amd. 2,1998,Amendment No. 2 to IS 13663,
1551,IS 13702 Amd. 1,2006,Amendment No. 1 to IS 13702,
1552,IS 13702 Amd. 2,2017,Amendment No. 2 to IS 13702,
1553,IS 13704 Amd. 1,2006,Amendment No. 1 to IS 13704,
1554,IS 13704 Amd. 2,2008,Amendment No. 2 to IS 13704,
1555,IS 13704 Amd. 3,2018,Amendment No. 3 to IS 13704,
1556,IS 13794 Amd. 1,1996,Amendment No. 1 to IS 13794,
1557,IS 13953 Amd. 1,2002,Amendment No. 1 to IS 13953,
1558,IS 13953 Amd. 2,2013,Amendment No. 2 to IS 13953,
1559,IS 3246 Amd. 1,1996,Amendment No. 1 to IS 3246,
1560,IS 3246 Amd. 2,2014,Amendment No. 2 to IS 3246,
1561,IS 3247 Amd. 1,1996,Amendment No. 1 to IS 3247,
1562,IS 3247 Amd. 2,2014,Amendment No. 2 to IS 3247,
1563,IS 3248 Amd. 1,1996,Amendment No. 1 to IS 3248,
1564,IS 3248 Amd. 2,2014,Amendment No. 2 to IS 3248,
1565,IS 14123 Amd. 1,2018,Amendment No. 1 to IS 14123,
1566,IS 14124 Amd. 1,1995,Amendment No. 1 to IS 14124,
1567,IS 14124 Amd. 2,2008,Amendment No. 2 to IS 14124,
1568,IS 14125 Amd. 1,2006,Amendment No. 1 to IS 14125,
1569,IS 14125 Amd. 2,2017,Amendment No. 2 to IS 14125,
1570,IS 14158 Amd. 1,1995,Amendment No. 1 to IS 14158,
1571,IS 14183 Amd. 1,1995,Amendment No. 1 to IS 14183,
1572,IS 14184 Amd. 1,1995,Amendment No. 1 to IS 14184,
1573,IS 14251 Amd. 1,2007,Amendment No. 1 to IS 14251,
1574,IS 14251 Amd. 2,2011,Amendment No. 2 to IS 14251,
1575,IS 14266 Amd. 1,2014,Amendment No. 1 to IS 14266,
1576,IS 14267 : Part 1 Amd. 1 ,2014,Amendment No. 1 to IS 14267 : Part 1,
1577,IS 14267 : Part 2 Amd. 1 ,2014,Amendment No. 1 to IS 14267 : Part 2,
1578,IS 14267 : Part 3 Amd. 1 ,2014,Amendment No. 1 to IS 14267 : Part 3,
1579,IS 14267 : Part 4 Amd. 1 ,2014,Amendment No. 1 to IS 14267 : Part 4,
1580,IS 14309 Amd. 1,2015,Amendment No. 1 to IS 14309,
1581,IS 14398 Amd. 1,2010,Amendment No. 1 to IS 14398,
1582,IS 14482 Amd. 1,2007,Amendment No. 1 to IS 14482,
1583,IS 14514 Amd. 1,2017,Amendment No. 1 to IS 14514,
1584,IS 14515 Amd. 1,2017,Amendment No. 1 to IS 14515,
1585,IS 14605 Amd. 1,2000,Amendment No. 1 to IS 14605,
1586,IS 14683 Amd. 1,2000,Amendment No. 1 to IS 14683,
1587,IS 14683 Amd. 2,2006,Amendment No. 2 to IS 14683,
1588,IS 14766 Amd. 1,2014,Amendment No. 1 to IS 14766,
1589,IS 1483 Amd. 1,1990,Amendment No. 1 to IS 1483,
1590,IS 1483 Amd. 2,2017,Amendment No. 2 to IS 1483,
1591,IS 14834 Amd. 1,2001,Amendment No. 1 to IS 14834,
1592,IS 1485 Amd. 1,1996,Amendment No. 1 to IS 1485,
1593,IS 1488 Amd. 1,1997,Amendment No. 1 to IS 1488,
1594,IS 14890 Amd. 1,2017,Amendment No. 1 to IS 14890,
1595,IS 14891 Amd. 1,2017,Amendment No. 1 to IS 14891,
1596,IS 14892 Amd. 1,2017,Amendment No. 1 to IS 14892,
1597,IS 14949 Amd. 1,2017,Amendment No. 1 to IS 14949,
1598,IS 14950 Amd. 1,2017,Amendment No. 1 to IS 14950,
1599,IS 1504 Amd. 1,2007,Amendment No. 1 to IS 1504,
1600,IS 1504 Amd. 2,2011,Amendment No. 2 to IS 1504,
1601,IS 15088 Amd. 1,2014,Amendment No. 1 to IS 15088,
1602,IS 15089 Amd. 1,2014,Amendment No. 1 to IS 15089,
1603,IS 15095 Amd. 1,2014,Amendment No. 1 to IS 15095,
1604,IS 15271 Amd. 1,2006,Amendment No. 1 to IS 15271,
1605,IS 15271 Amd. 2,2009,Amendment No. 2 to IS 15271,
1606,IS 15273 Amd. 1,2014,Amendment No. 1 to IS 15273,
1607,IS 15279 Amd. 1,2011,Amendment No. 1 to IS 15279,
1608,IS 15335 Amd. 1,2008,Amendment No. 1 to IS 15335,
1609,IS 15342 Amd. 1,2011,Amendment No. 1 to IS 15342,
1610,IS 15588 Amd. 1,2010,Amendment No. 1 to IS 15588,
1611,IS 15616 Amd. 1,2010,Amendment No. 1 to IS 15616,
1612,IS 15688 Amd. 1,2014,Amendment No. 1 to IS 15688,
1613,IS 15689 Amd. 1,2014,Amendment No. 1 to IS 15689,
1614,IS 15690 Amd. 1,2014,Amendment No. 1 to IS 15690,
1615,IS 15698 Amd. 1,2014,Amendment No. 1 to IS 15698,
1616,IS 1668 Amd. 1,1979,Amendment No. 1 to IS 1668,
1617,IS 1668 Amd. 2,1995,Amendment No. 2 to IS 1668,
1618,IS 1675 Amd. 1,1982,Amendment No. 1 to IS 1675,
1619,IS 1676 Amd. 2,1976,Amendment No. 2 to IS 1676,
1620,IS 1743 Amd. 1,1976,Amendment No. 1 to IS 1743,
1621,IS 1743 Amd. 2,1989,Amendment No. 2 to IS 1743,
1622,IS 1743 Amd. 4,2011,Amendment No. 4 to IS 1743,
1623,IS 1780 Amd. 1,1967,Amendment No. 1 to IS 1780,
1624,IS 1824 Amd. 1,1979,Amendment No. 1 to IS 1824,
1625,IS 1824 Amd. 2,1982,Amendment No. 2 to IS 1824,
1626,IS 1824 Amd. 3,1986,Amendment No. 3 to IS 1824,
1627,IS 1824 Amd. 4,1988,Amendment No. 4 to IS 1824,
1628,IS 1824 Amd. 5,1990,Amendment No. 5 to IS 1824,
1629,IS 1827 Amd. 1,1989,Amendment No. 1 to IS 1827,
1630,IS 1832 Amd. 1,1980,Amendment No. 1 to IS 1832,
1631,IS 1832 Amd. 2,1980,Amendment No. 2 to IS 1832,
1632,IS 1960 Amd. 1,2017,Amendment No. 1 to IS 1960,
1633,IS 2237 Amd. 1,2005,Amendment No. 1 to IS 2237,
1634,IS 2237 Amd. 2,2017,Amendment No. 2 to IS 2237,
1635,IS 2346 Amd. 1,1996,Amendment No. 1 to IS 2346,
1636,IS 2346 Amd. 2,1999,Amendment No. 2 to IS 2346,
1637,IS 2346 Amd. 3,2010,Amendment No. 3 to IS 2346,
1638,IS 2397 Amd. 1,1992,Amendment No. 1 to IS 2397,
1639,IS 2475 Amd. 1,1989,Amendment No. 1 to IS 2475,
1640,IS 2475 Amd. 2,2004,Amendment No. 2 to IS 2475,
1641,IS 2475 Amd. 3,2011,Amendment No. 3 to IS 2475,
1642,IS 2476 Amd. 1,2004,Amendment No. 1 to IS 2476,
1643,IS 2476 Amd. 2,2011,Amendment No. 2 to IS 2476,
1644,IS 2536 Amd. 1,2004,Amendment No. 1 to IS 2536,
1645,IS 2536 Amd. 2,2011,Amendment No. 2 to IS 2536,
1646,IS 2537 Amd. 1,2004,Amendment No. 1 to IS 2537,
1647,IS 2537 Amd. 2,2011,Amendment No. 2 to IS 2537,
1648,IS 2567 Amd. 1,1982,Amendment No. 1 to IS 2567,
1649,IS 2567 Amd. 2,1994,Amendment No. 2 to IS 2567,
1650,IS 2568 Amd. 1,1989,Amendment No. 1 to IS 2568,
1651,IS 2568 Amd. 2,1994,Amendment No. 2 to IS 2568,
1652,IS 2569 Amd. 1,1979,Amendment No. 1 to IS 2569,
1653,IS 2569 Amd. 2,1981,Amendment No. 2 to IS 2569,
1654,IS 2569 Amd. 3,1988,Amendment No. 3 to IS 2569,
1655,IS 2569 Amd. 4,2001,Amendment No. 4 to IS 2569,
1656,IS 2639 Amd. 1,2002,Amendment No. 1 to IS 2639,
1657,IS 2639 Amd. 2,2016,Amendment No. 2 to IS 2639,
1658,IS 2860 Amd. 1,1995,Amendment No. 1 to IS 2860,
1659,IS 2868 Amd. 2,1996,Amendment No. 2 to IS 2868,
1660,IS 2868 Amd. 3,2014,Amendment No. 3 to IS 2868,
1661,IS 2869 Amd. 1,1983,Amendment No. 1 to IS 2869,
1662,IS 2869 Amd. 2,1996,Amendment No. 2 to IS 2869,
1663,IS 2869 Amd. 3,2014,Amendment No. 3 to IS 2869,
1664,IS 3044 Amd. 1,1989,Amendment No. 1 to IS 3044,
1665,IS 3044 Amd. 2,2004,Amendment No. 2 to IS 3044,
1666,IS 3044 Amd. 3,2011,Amendment No. 3 to IS 3044,
1667,IS 3060 Amd. 2,2004,Amendment No. 2 to IS 3060,
1668,IS 3060 Amd. 3,2011,Amendment No. 3 to IS 3060,
1669,IS 3110 Amd. 1,2015,Amendment No. 1 to IS 3110,
1670,IS 3501 Amd. 1,1996,Amendment No. 1 to IS 3501,
1671,IS 3501 Amd. 2,2014,Amendment No. 2 to IS 3501,
1672,IS 3508 Amd. 3,2013,Amendment No. 3 to IS 3508,
1673,IS 3547 Amd. 1,1996,Amendment No. 1 to IS 3547,
1674,IS 3581 Amd. 1,1995,Amendment No. 1 to IS 3581,
1675,IS 3581 Amd. 2,1996,Amendment No. 2 to IS 3581,
1676,IS 3581 Amd. 3,2016,Amendment No. 3 to IS 3581,
1677,IS 3905 Amd. 1,1969,Amendment No. 1 to IS 3905,
1678,IS 3905 Amd. 2,1972,Amendment No. 2 to IS 3905,
1679,IS 3905 Amd. 3,1973,Amendment No. 3 to IS 3905,
1680,IS 3905 Amd. 4,1988,Amendment No. 4 to IS 3905,
1681,IS 3905 Amd. 5,1994,Amendment No. 5 to IS 3905,
1682,IS 4303 : Part 1 Amd. 1,1983,Amendment No. 1 to IS 4303 : Part 1,
1683,IS 4303 : Part 2 Amd. 1,1984,Amendment No. 1 to IS 4303 : Part 2,
1684,IS 4304 Amd. 1,1998,Amendment No. 1 to IS 4304,
1685,IS 4321 Amd. 1,1994,Amendment No. 1 to IS 4321,
1686,IS 5637 Amd. 1,1995,Amendment No. 1 to IS 5637,
1687,IS 5637 Amd. 2,2002,Amendment No. 2 to IS 5637,
1688,IS 3827 Amd. 1,2016,Amendment No. 1 to IS 3827,
1689,IS 3881 Amd. 1,1996,Amendment No. 1 to IS 3881,
1690,IS 3881 Amd. 2,2014,Amendment No. 2 to IS 3881,
1691,IS 3882 Amd. 1,1996,Amendment No. 1 to IS 3882,
1692,IS 3882 Amd. 3,2014,Amendment No. 3 to IS 3882,
1693,IS 435 Amd. 1,1979,Amendment No. 1 to IS 435,
1694,IS 435 Amd. 2,1989,Amendment No. 2 to IS 435,
1695,IS 435 Amd. 3,1995,Amendment No. 3 to IS 435,
1696,IS 435 Amd. 4,2002,Amendment No. 4 to IS 435,
1697,IS 4352 Amd. 1,2004,Amendment No. 1 to IS 4352,
1698,IS 4352 Amd. 2,2011,Amendment No. 2 to IS 4352,
1699,IS 4446 : Part 1 Amd. 1,2011,Amendment No. 1 to IS 4446 : Part 1,
1700,IS 4446 : Part 1 Amd. 2,2016,Amendment No. 2 to IS 4446 : Part 1,
1701,IS 4446 : Part 2 Amd. 1,2011,Amendment No. 1 to IS 4446 : Part 2,
1702,IS 4446 : Part 2 Amd. 2,2012,Amendment No. 2 to IS 4446 : Part 2,
1703,IS 4450 Amd. 1,2010,Amendment No. 1 to IS 4450,
1704,IS 4467 Amd. 1,2006,Amendment No. 1 to IS 4467,
1705,IS 4467 Amd. 2,2008,Amendment No. 2 to IS 4467,
1706,IS 4624 Amd. 1,1996,Amendment No. 1 to IS 4624,
1707,IS 4624 Amd. 2,2014,Amendment No. 2 to IS 4624,
1708,IS 4625 Amd. 1,1996,Amendment No. 1 to IS 4625,
1709,IS 4625 Amd. 3,2014,Amendment No. 3 to IS 4625,
1710,IS 4626 Amd. 1,1983,Amendment No. 1 to IS 4626,
1711,IS 4626 Amd. 2,1996,Amendment No. 2 to IS 4626,
1712,IS 4626 Amd. 3,2006,Amendment No. 3 to IS 4626,
1713,IS 4626 Amd. 4,2014,Amendment No. 4 to IS 4626,
1714,IS 4627 Amd. 1,1996,Amendment No. 1 to IS 4627,
1715,IS 4627 Amd. 2,2006,Amendment No. 2 to IS 4627,
1716,IS 4627 Amd. 3,2013,Amendment No. 3 to IS 4627,
1717,IS 4627 Amd. 4,2014,Amendment No. 4 to IS 4627,
1718,IS 4628 Amd. 1,1996,Amendment No. 1 to IS 4628,
1719,IS 4628 Amd. 2,2014,Amendment No. 2 to IS 4628,
1720,IS 4684 Amd. 1,1986,Amendment No. 1 to IS 4684,
1721,IS 4684 Amd. 2,1999,Amendment No. 2 to IS 4684,
1722,IS 4684 Amd. 3,2016,Amendment No. 3 to IS 4684,
1723,IS 4706 : Part 1 Amd. 1,1988,Amendment No. 1 to IS 4706 : Part 1,
1724,IS 4723 Amd. 1,1983,Amendment No. 1 to IS 4723,
1725,IS 4723 Amd. 2,2011,Amendment No. 2 to IS 4723,
1726,IS 4753 Amd. 1,2016,Amendment No. 1 to IS 4753,
1727,IS 4765 Amd. 1,1988,Amendment No. 1 to IS 4765,
1728,IS 4808 Amd. 1,1988,Amendment No. 1 to IS 4808,
1729,IS 4808 Amd. 2,1994,Amendment No. 2 to IS 4808,
1730,IS 5470 Amd. 1,2010,Amendment No. 1 to IS 5470,
1731,IS 5470 Amd. 2,2016,Amendment No. 2 to IS 5470,
1732,IS 5470 Amd. 3,2018,Amendment No. 3 to IS 5470,
1733,IS 548 : Part 2 Amd. 1,1979,Amendment No. 1 to IS 548 : Part 2,
1734,IS 548 : Part 2 Amd. 2,1984,Amendment No. 2 to IS 548 : Part 2,
1735,IS 548 : Part 2 Amd. 3,1984,Amendment No. 3 to IS 548 : Part 2,
1736,IS 548 : Part 2 Amd. 4,1985,Amendment No. 4 to IS 548 : Part 2,
1737,IS 548 : Part 2 Amd. 5,1991,Amendment No. 5 to IS 548 : Part 2,
1738,IS 548 : Part 2 Amd. 6,1995,Amendment No. 6 to IS 548 : Part 2,
1739,IS 548 : Part 2 Amd. 7,1996,Amendment No. 7 to IS 548 : Part 2,
1740,IS 4875 Amd. 1,1978,Amendment No. 1 to IS 4875,
1741,IS 4875 Amd. 2,1979,Amendment No. 2 to IS 4875,
1742,IS 4875 Amd. 3,2004,Amendment No. 3 to IS 4875,
1743,IS 4876 Amd. 1,2004,Amendment No. 1 to IS 4876,
1744,IS 4930 Amd. 1,1987,Amendment No. 1 to IS 4930,
1745,IS 4936 Amd. 1,1996,Amendment No. 1 to IS 4936,
1746,IS 4936 Amd. 2,2014,Amendment No. 2 to IS 4936,
1747,IS 4941 Amd. 1,2011,Amendment No. 1 to IS 4941,
1748,IS 4951 Amd. 1,2004,Amendment No. 1 to IS 4951,
1749,IS 4951 Amd. 2,2011,Amendment No. 2 to IS 4951,
1750,IS 5059 Amd. 1,1983,Amendment No. 1 to IS 5059,
1751,IS 5059 Amd. 2,1993,Amendment No. 2 to IS 5059,
1752,IS 5279 Amd. 1,1972,Amendment No. 1 to IS 5279,
1753,IS 5279 Amd. 2,1976,Amendment No. 2 to IS 5279,
1754,IS 5279 Amd. 3,1994,Amendment No. 3 to IS 5279,
1755,IS 5306 Amd. 1,2005,Amendment No. 1 to IS 5306,
1756,IS 5306 Amd. 2,2016,Amendment No. 2 to IS 5306,
1757,IS 5346 Amd. 1,2005,Amendment No. 1 to IS 5346,
1758,IS 5346 Amd. 2,2007,Amendment No. 2 to IS 5346,
1759,IS 5346 Amd. 3,2010,Amendment No. 3 to IS 5346,
1760,IS 5346 Amd. 4,2011,Amendment No. 4 to IS 5346,
1761,IS 545 Amd. 1,1990,Amendment No. 1 to IS 545,
1762,IS 545 Amd. 2,1995,Amendment No. 2 to IS 545,
1763,IS 545 Amd. 3,2002,Amendment No. 3 to IS 545,
1764,IS 5558 Amd. 1,2004,Amendment No. 1 to IS 5558,
1765,IS 5558 Amd. 2,2011,Amendment No. 2 to IS 5558,
1766,IS 5672 Amd. 1,1998,Amendment No. 1 to IS 5672,
1767,IS 5734 Amd. 1,1998,Amendment No. 1 to IS 5734,
1768,IS 5734 Amd. 2,2017,Amendment No. 2 to IS 5734,
1769,IS 5863 Amd. 1,1995,Amendment No. 1 to IS 5863,
1770,IS 5864 Amd. 1,1984,Amendment No. 1 to IS 5864,
1771,IS 5955 Amd. 1,1994,Amendment No. 1 to IS 5955,
1772,IS 5955 Amd. 2,1996,Amendment No. 2 to IS 5955,
1773,IS 5982 Amd. 1,2005,Amendment No. 1 to IS 5982,
1774,IS 5982 Amd. 3,2018,Amendment No. 3 to IS 5982,
1775,IS 5982 Amd. 2,2011,Amendment No. 2 to IS 5982,
1776,IS 6014 Amd. 4,1989,Amendment No. 4 to IS 6014,
1777,IS 6014 Amd. 5,1994,Amendment No. 5 to IS 6014,
1778,IS 6092 : Part 1 Amd. 1,2003,Amendment No. 1 to IS 6092 : Part 1,
1779,IS 6092 : Part 1 Amd. 2,2003,Amendment No. 2 to IS 6092 : Part 1,
1780,IS 6092 : Part 5 Amd. 1,1996,Amendment No. 1 to IS 6092 : Part 5,
1781,IS 6108 Amd. 1,1979,Amendment No. 1 to IS 6108,
1782,IS 6108 Amd. 2,2004,Amendment No. 2 to IS 6108,
1783,IS 6109 Amd. 1,1978,Amendment No. 1 to IS 6109,
1784,IS 612 Amd. 1,2009,Amendment No. 1 to IS 612,
1785,IS 6122 Amd. 1,2017,Amendment No. 1 to IS 6122,
1786,IS 6123 Amd. 1,2017,Amendment No. 1 to IS 6123,
1787,IS 6178 Amd. 1,1994,Amendment No. 1 to IS 6178,
1788,IS 6228 Amd. 1,1973,Amendment No. 1 to IS 6228,
1789,IS 6242 Amd. 1,1995,Amendment No. 1 to IS 6242,
1790,IS 6284 Amd. 1,1991,Amendment No. 1 to IS 6284,
1791,IS 6284 Amd. 2,1996,Amendment No. 2 to IS 6284,
1792,IS 6284 Amd. 3,2002,Amendment No. 3 to IS 6284,
1793,IS 6287 Amd. 1,2002,Amendment No. 1 to IS 6287,
1794,IS 7003 Amd. 1,1983,Amendment No. 1 to IS 7003,
1795,IS 7005 Amd. 1,1983,Amendment No. 1 to IS 7005,
1796,IS 7005 Amd. 2,1999,Amendment No. 2 to IS 7005,
1797,IS 7874 : Part 1 Amd. 1,1977,Amendment No. 1 to IS 7874 : Part 1,
1798,IS 7874 : Part 1 Amd. 2,1991,Amendment No. 2 to IS 7874 : Part 1,
1799,IS 7874 : Part 2 Amd. 1,1993,Amendment No. 1 to IS 7874 : Part 2,
1800,IS 7874 : Part 2 Amd. 2,2006,Amendment No. 2 to IS 7874 : Part 2,
1801,IS 6360 Amd. 1,1978,Amendment No. 1 to IS 6360,
1802,IS 6360 Amd. 2,1995,Amendment No. 2 to IS 6360,
1803,IS 6364 Amd. 1,1994,Amendment No. 1 to IS 6364,
1804,IS 6364 Amd. 2,1994,Amendment No. 2 to IS 6364,
1805,IS 6540 Amd. 1,1996,Amendment No. 1 to IS 6540,
1806,IS 6557 Amd. 1,1989,Amendment No. 1 to IS 6557,
1807,IS 6557 Amd. 2,2011,Amendment No. 2 to IS 6557,
1808,IS 6635 Amd. 2,2002,Amendment No. 2 to IS 6635,
1809,IS 6638 Amd. 1,1976,Amendment No. 1 to IS 6638,
1810,IS 6638 Amd. 2,1978,Amendment No. 2 to IS 6638,
1811,IS 6638 Amd. 3,1976,Amendment No. 3 to IS 6638,
1812,IS 6638 Amd. 4,2002,Amendment No. 4 to IS 6638,
1813,IS 6762 Amd. 1,1989,Amendment No. 1 to IS 6762,
1814,IS 6762 Amd. 2,2009,Amendment No. 2 to IS 6762,
1815,IS 6854 Amd. 1,1983,Amendment No. 1 to IS 6854,
1816,IS 7021 Amd. 1,2018,Amendment No. 1 to IS 7021,
1817,IS 7058 Amd. 1,2010,Amendment No. 1 to IS 7058,
1818,IS 7122 Amd. 1,1994,Amendment No. 1 to IS 7122,
1819,IS 7143 Amd. 1,1978,Amendment No. 1 to IS 7143,
1820,IS 7143 Amd. 2,2017,Amendment No. 2 to IS 7143,
1821,IS 7179 Amd. 1,2005,Amendment No. 1 to IS 7179,
1822,IS 7219 Amd. 1,2016,Amendment No. 1 to IS 7219,
1823,IS 7224 Amd. 3,2019,Amendment No. 3 to IS 7224,
1824,IS 7224 Amd. 1,2009,Amendment No. 1 to IS 7224,
1825,IS 7224 Amd. 2,2011,Amendment No. 2 to IS 7224,
1826,IS 7239 Amd. 0,2017,Amendment No. 0 to IS 7239,
1827,IS 7375 Amd. 1,1995,Amendment No. 1 to IS 7375,
1828,IS 7375 Amd. 2,2002,Amendment No. 2 to IS 7375,
1829,IS 7482 Amd. 1,1990,Amendment No. 1 to IS 7482,
1830,IS 7482 Amd. 2,2013,Amendment No. 2 to IS 7482,
1831,IS 75 Amd. 2,1990,Amendment No. 2 to IS 75,
1832,IS 75 Amd. 3,1995,Amendment No. 3 to IS 75,
1833,IS 75 Amd. 4,2002,Amendment No. 4 to IS 75,
1834,IS 8076 Amd. 1,2002,Amendment No. 1 to IS 8076,
1835,IS 8076 Amd. 2,2017,Amendment No. 2 to IS 8076,
1836,IS 8664 Amd. 1,1979,Amendment No. 1 to IS 8664,
1837,IS 8664 Amd. 2,1999,Amendment No. 2 to IS 8664,
1838,IS 8665 Amd. 1,2017,Amendment No. 1 to IS 8665,
1839,IS 8676 Amd. 1,1979,Amendment No. 1 to IS 8676,
1840,IS 8676 Amd. 2,2004,Amendment No. 2 to IS 8676,
1841,IS 8677 Amd. 1,2004,Amendment No. 1 to IS 8677,
1842,IS 7582 Amd. 1,2017,Amendment No. 1 to IS 7582,
1843,IS 7593 : Part 1 Amd. 1,1995,Amendment No. 1 to IS 7593 : Part 1,
1844,IS 7715 Amd. 1,2016,Amendment No. 1 to IS 7715,
1845,IS 7732 Amd. 1,2014,Amendment No. 1 to IS 7732,
1846,IS 7749 Amd. 1,2019,Amendment No. 1 to IS 7749,
1847,IS 7807 Amd. 1,1976,Amendment No. 1 to IS 7807,
1848,IS 7897 Amd. 1,1981,Amendment No. 1 to IS 7897,
1849,IS 7928 Amd. 1,1994,Amendment No. 1 to IS 7928,
1850,IS 7928 Amd. 2,2005,Amendment No. 2 to IS 7928,
1851,IS 7928 Amd. 3,2017,Amendment No. 3 to IS 7928,
1852,IS 8027 Amd. 1,1994,Amendment No. 1 to IS 8027,
1853,IS 8122 : Part 2 Amd. 1,2006,Amendment No. 1 to IS 8122 : Part 2,
1854,IS 8190 : Part 1 Amd. 1,1991,Amendment No. 1 to IS 8190 : Part 1,
1855,IS 8190 : Part 1 Amd. 2,1993,Amendment No. 2 to IS 8190 : Part 1,
1856,IS 8190 : Part 1 Amd. 3,1998,Amendment No. 3 to IS 8190 : Part 1,
1857,IS 8190 : Part 1 Amd. 4,1999,Amendment No. 4 to IS 8190 : Part 1,
1858,IS 8190 : Part 2 Amd. 1,1990,Amendment No. 1 to IS 8190 : Part 2,
1859,IS 8190 : Part 2 Amd. 2,1991,Amendment No. 2 to IS 8190 : Part 2,
1860,IS 8190 : Part 2 Amd. 3,1991,Amendment No. 3 to IS 8190 : Part 2,
1861,IS 8190 : Part 2 Amd. 4,2002,Amendment No. 4 to IS 8190 : Part 2,
1862,IS 8190 : Part 2 Amd. 5,2008,Amendment No. 5 to IS 8190 : Part 2,
1863,IS 8190 : Part 3 Amd. 1,1989,Amendment No. 1 to IS 8190 : Part 3,
1864,IS 8190 : Part 3 Amd. 2,2002,Amendment No. 2 to IS 8190 : Part 3,
1865,IS 8286 Amd. 1,1994,Amendment No. 1 to IS 8286,
1866,IS 8427 Amd. 1,1997,Amendment No. 1 to IS 8427,
1867,IS 8427 Amd. 2,2002,Amendment No. 2 to IS 8427,
1868,IS 8445 Amd. 1,1998,Amendment No. 1 to IS 8445,
1869,IS 8446 Amd. 1,1994,Amendment No. 1 to IS 8446,
1870,IS 8446 Amd. 2,1996,Amendment No. 2 to IS 8446,
1871,IS 8496 Amd. 1,1978,Amendment No. 1 to IS 8496,
1872,IS 8496 Amd. 2,1979,Amendment No. 2 to IS 8496,
1873,IS 8496 Amd. 3,1982,Amendment No. 3 to IS 8496,
1874,IS 8496 Amd. 4,1988,Amendment No. 4 to IS 8496,
1875,IS 8496 Amd. 5,1990,Amendment No. 5 to IS 8496,
1876,IS 8555 Amd. 1,1998,Amendment No. 1 to IS 8555,
1877,IS 8555 Amd. 2,2011,Amendment No. 2 to IS 8555,
1878,IS 8555 Amd. 3,2017,Amendment No. 3 to IS 8555,
1879,IS 8556 Amd. 1,2017,Amendment No. 1 to IS 8556,
1880,IS 8591 Amd. 1,1995,Amendment No. 1 to IS 8591,
1881,IS 8591 Amd. 2,2002,Amendment No. 2 to IS 8591,
1882,IS 8713 Amd. 1,2014,Amendment No. 1 to IS 8713,
1883,IS 873 Amd. 2,1995,Amendment No. 2 to IS 873,
1884,IS 873 Amd. 3,2011,Amendment No. 3 to IS 873,
1885,IS 874 Amd. 1,2002,Amendment No. 1 to IS 874,
1886,IS 874 Amd. 2,2011,Amendment No. 2 to IS 874,
1887,IS 8786 Amd. 1,1996,Amendment No. 1 to IS 8786,
1888,IS 8786 Amd. 2,2014,Amendment No. 2 to IS 8786,
1889,IS 8847 Amd. 1,2011,Amendment No. 1 to IS 8847,
1890,IS 9231 Amd. 1,1995,Amendment No. 1 to IS 9231,
1891,IS 9231 Amd. 2,2002,Amendment No. 2 to IS 9231,
1892,IS 8879 Amd. 1,1995,Amendment No. 1 to IS 8879,
1893,IS 8879 Amd. 2,2002,Amendment No. 2 to IS 8879,
1894,IS 8962 Amd. 1,1994,Amendment No. 1 to IS 8962,
1895,IS 9019 Amd. 1,1980,Amendment No. 1 to IS 9019,
1896,IS 9019 Amd. 2,1996,Amendment No. 2 to IS 9019,
1897,IS 9071 : Part 2 Amd. 1,1981,Amendment No. 1 to IS 9071 : Part 2,
1898,IS 9164 Amd. 1,1982,Amendment No. 1 to IS 9164,
1899,IS 920 Amd. 1,1982,Amendment No. 1 to IS 920,
1900,IS 920 Amd. 2,1996,Amendment No. 2 to IS 920,
1901,IS 9362 Amd. 1,1982,Amendment No. 1 to IS 9362,
1902,IS 9362 Amd. 2,1987,Amendment No. 2 to IS 9362,
1903,IS 9362 Amd. 3,1994,Amendment No. 3 to IS 9362,
1904,IS 9505 Amd. 1,2017,Amendment No. 1 to IS 9505,
1905,IS 9575 Amd. 1,1982,Amendment No. 1 to IS 9575,
1906,IS 9575 Amd. 2,1985,Amendment No. 2 to IS 9575,
1907,IS 9605 Amd. 1,2011,Amendment No. 1 to IS 9605,
1908,IS 9665 Amd. 1,1988,Amendment No. 1 to IS 9665,
1909,IS 9665 Amd. 2,1988,Amendment No. 2 to IS 9665,
1910,IS 9665 Amd. 3,1994,Amendment No. 3 to IS 9665,
1911,IS 9666 Amd. 1,1994,Amendment No. 1 to IS 9666,
1912,IS 9789 Amd. 1,1996,Amendment No. 1 to IS 9789,
1913,IS 9789 Amd. 2,2014,Amendment No. 2 to IS 9789,
1914,IS 9790 Amd. 1,1996,Amendment No. 1 to IS 9790,
1915,IS 9790 Amd. 2,2014,Amendment No. 2 to IS 9790,
1916,IS 9791 Amd. 1,1996,Amendment No. 1 to IS 9791,
1917,IS 9791 Amd. 2,2014,Amendment No. 2 to IS 9791,
1918,IS 9808 Amd. 1,2017,Amendment No. 1 to IS 9808,
1919,IS 9810 Amd. 1,1983,Amendment No. 1 to IS 9810,
1920,IS 9811 Amd. 1,1996,Amendment No. 1 to IS 9811,
1921,IS 9811 Amd. 2,2014,Amendment No. 2 to IS 9811,
1922,IS 9812 Amd. 1,1996,Amendment No. 1 to IS 9812,
1923,IS 9812 Amd. 2,2014,Amendment No. 2 to IS 9812,
1924,IS 9822 Amd. 1,1996,Amendment No. 1 to IS 9822,
1925,IS 9822 Amd. 2,2014,Amendment No. 2 to IS 9822,
1926,IS 9823 Amd. 1,1996,Amendment No. 1 to IS 9823,
1927,IS 9823 Amd. 2,2014,Amendment No. 2 to IS 9823,
1928,IS 9867 Amd. 1,1995,Amendment No. 1 to IS 9867,
1929,IS 9939 Amd. 1,2007,Amendment No. 1 to IS 9939,
1930,IS 16232 Amd. 1,2015,Amendment No. 1 to IS 16232,
1931,IS 16232 Amd. 2,2017,Amendment No. 2 to IS 16232,
1932,IS 15642 : Part 1 AND 2,2009,Amendment No. 1 to IS 15642 : Amd. 1                                            Part 1 AND 2,
1933,IS 1011 Amd. 1,2006,Amendment No. 1 to IS 1011,
1934,IS 6092 : Part 3 Amd. 1,1996,Amendment No. 1 to IS 6092 : Part 3,
1935,IS 15849 Amd. 1,2012,Amendment No. 1 to IS 15849,
1936,IS/ISO 21569 Amd. 1,2015,Amendment No. 1 to IS/ISO 21569,
1937,IS/ISO 21571 Amd. 1,2015,Amendment No. 1 to IS/ISO 21571,
1938,IS 3865 Amd. 1,2010,Amendment No. 1 to IS 3865,
1939,IS/ISO 21570 Amd. 1,2015,Amendment No. 1 to IS/ISO 21570,
1940,IS/ISO 24276 Amd. 1,2015,Amendment No. 1 to IS/ISO 24276,
1941,IS 7802 Amd. 1,1983,Amendment No. 1 to IS 7802,
1942,IS 15978 Amd. 2,2019,Amendment No. 2 to IS 15978,
1943,IS 15978 Amd. 1,2016,Amendment No. 1 to IS 15978,
1944,IS 15979 Amd. 1,2016,Amendment No. 1 to IS 15979,
1945,IS 17200,2019,"Validamycin, Technical - Specification",
1946,IS 17202,2019,Tricyclazole Wettable Granules ( WG ) - Specification,
1947,IS 3581,2019,Green Coffee - Specification ( Third Revision ),
1948,IS 17281,2019,Requirements for Good Aquaculture Practices &mdash; India GAqP Shrimp Hatchery and Grow Out Farms,
1949,IS 17282,2019,Requirements for Good Aquaculture Practices &mdash; India GAqP Striped Catfish ( Pangasianodon hypophthalmus ),
1950,IS 17283,2019,Requirements for Good Aquaculture Practices &mdash; India GAqP CARPS,
1951,IS 17284,2019,Requirements for Good Aquaculture Practices &mdash; India GAqP for Freshwater Prawn Culture,
1952,IS 17285,2019,Good Aquaculture Practices for Cage Culture in Fresh Water,
1953,IS 2492,2019,Stainless Steel Road Milk Tankers &mdash; Specification ( Second Revision ),
1954,IS 17135,2019,Biofertilizer &mdash; Liquid Based Azotobacter spp. Inoculants &mdash; Specification,
1955,IS 17137,2019,Biofertilizer &mdash; Liquid Based Phosphate Solubilizing Bacterial Inoculants ( PSBI ) &mdash; Specification,
1956,IS 17310 : Part 1,2019,Agricultural and Forestry Machinery &mdash; Environmental Requirements for Sprayers Part 1 General,
1957,IS 17310 : Part 2,2019,Agricultural and Forestry Machinery &mdash; Environmental Requirements for Sprayers Part 2 Horizontal Boom Sprayers,
1958,IS 17310 : Part 3,2019,Agricultural and Forestry Machinery &mdash; Environmental Requirements for Sprayers Part 3 Sprayers for Bush and Tree Crops,
1959,IS 12239 : Part 6,2019,Agricultural Machinery &mdash; Safety Part 6 Sprayers and Liquid Fertilizer Distributors,
1960,IS 17136,2019,Biofertilizer &mdash; Liquid Based Azospirillum Inoculants &mdash; Specification,
1961,IS 7424,2019,Photoelectric Reflectance Method for Measurement of Whiteness of Plantation White Sugar in Solid State ( Second Revision ),
1962,IS 4469,2020,Code of Practice for Construction of Flue-Curing Tobacco Barns ( Second Revision ),
1963,IS 9981,2020,Agricultural Produce Processing Equipment - Glossary of Terms ( Second Revision ),
1964,IS 17379,2020,Infant Formula and Adult Nutritionals &mdash; Determination of Total Iodine &mdash; Inductively Coupled Plasma Mass Spectrometry ( ICP-MS ),
1965,IS 17156 : Part 2,2020,Cotton Picker Machine Part 2 Performance Test,
1966,IS 8479 : Part 2,2020,Milk &mdash; Determination of Alkaline Phosphatase Part 2 Reference Method ( First Revision ),
1967,IS 15806 Amd. 1,2020,Amendment Number 1 to IS 15806,
1968,IS 5672 Amd. 2,2020,Amendment Number 2 to IS 5672,
1969,IS 4238,2020,Sterilized and Ultra High Temperature Sterilized Milk &mdash; Specification ( First Revision ),
1970,IS 7874 : Part 3,2020,Methods of Tests for Animal Feeds and Feeding Stuffs Part 3 Microbiological Methods ( First Revision ),
1971,IS 13688,2020,Packaged Pasteurized Milk &mdash; Specification ( Second Revision ),
1972,IS 17134,2020,Biofertilizer &mdash; Liquid Based Rhizobium Inoculants &mdash; Specification,
1973,IS 17385,2020,Microbiology of the Food Chain &mdash; Specific Requirements and Guidance for Proficiency Testing by Interlaboratory Comparison,
1974,IS 17408 : Part 1,2020,Self-propelled Agricultural Machinery Ã¢â‚¬â€œÃ¢â‚¬â€œ Assessment of Stability Part 1 Principles,
1975,IS 17409 : Part 2,2020,Self-propelled Agricultural Machinery &mdash; Assessment of Stability Part 2 Determination of Static Stability and Test Procedures,
1976,IS 17411 : Part 2,2020,Agricultural Irrigation Equipment &mdash; Filters for Microirrigation Part 2 Strainer- type Filters and Disc Filters,
1977,IS 17424 : Part 1,2020,Glossary of Ayurvedic Terminology Part 1 Standardized Terminology for Fundamental Principles,
1978,IS 17424 : Part 2,2020,Glossary of Ayurvedic Terminology Part 2 Standardized Terminology for Diagnosis and Etiological Factors,
1979,IS 1168,2020,Cube Sugar â€” Specification ( Second Revision ),
1980,IS 17383,2020,"Microbiology of Food, Animal Feed and Water Ã¢â‚¬â€ Preparation, Production, Storage and Performance Testing of Culture Media",
1981,IS 10232,2020,"Microbiology of the Food Chain â€” Preparation of Test Samples, Initial Suspension and Decimal Dilutions for Microbiological Examination â€” General Rules for the Preparation of Initial Suspension and Decimal Dilutions ( Second Revision )",
1982,IS 14988 : Part 1,2020,Microbiology of the Food Chain â€” Horizontal Method for Detection and Enumeration of Listeria monocytogenes and of Listeria spp. Part 1 Detection Method ( First Revision ),
1983,IS 14988 : Part 2,2020,Microbiology of the Food Chain â€” Horizontal Method for Detection and Enumeration of Listeria monocytogenes and of Listeria spp. Part 2 Enumeration Method ( First Revision ),
1984,IS 16067 : Part 1,2020,Microbiology of the Food Chain â€” Horizontal Method for the Enumeration of Beta- Glucuronidase-Positive Escherichia coli Part 1 Colony- Count Technique at 44Â°C Using Membranes and 5- Bromo-4-Chloro-3-Indolyl Beta- D-Glucuronide ( First Revision ),
1985,IS 17447,2020,"Microbiology of the Food Chain &mdash; Preparation of Test Samples, Initial Suspension and Decimal Dilutions for Microbiological Examination &mdash; Specific Rules for the Preparation of Miscellaneous Products",
1986,IS 17448,2020,"Microbiology of the Food Chain &mdash; Preparation of Test Samples, Initial Suspension and Decimal Dilutions for Microbiological Examination &mdash; Specific Rules for the Preparation of Fish and Fishery Products",
1987,IS 17453,2020,Food Safety and Hygiene &mdash; Code of Practice for Food Businesses during Epidemic/Pandemic Situations with Specific Reference to COVID-19,
1988,IS 5887 : Part 3 : Sec 1,2020,"Methods for Detection of Bacteria Responsible for Food Poisoning Part 3 Horizontal Method for the Detection, Enumeration and Serotyping of Salmonella Section 1 Detection of Salmonella spp. ( Third Revision )",
1989,IS 17424 : Part 3,2020,Glossary of Ayurvedic Terminology Part 3 Standardized Terminology for Foods and Beverages,
1990,IS 17424 : Part 4,2020,Glossary of Ayurvedic Terminology Part 4 Standardized Terminology for Medicinal Preparations,
1991,IS 16877,2020,"Processed Eucheuma Seaweed, Food Grade - Specification",
1992,IS 17425 - (Active),2020,Irrigation Equipment - Quick Coupled Polyethylene Pipes and Fittings for Sprinkler Irrigation Systems - Specification - (Vaild upto 21 January 2027),
1993,IS 5503 : Part 2,2020,General Requirements for Silos for Grain Storage - Part II Grain Handling Equipment and Accessories,
1994,IS 609,2020,Code of practice for improvement of existing structures used or intended to be used for foodgrain storage,
1995,IS 6151 : Part 1,2020,Storage Management Code - Part I : Terminology,
1996,IS 1263,2020,Specification for Cocoa Butter,
1997,IS 1908,2020,"Spices and Condiments - Ginger, Whole and Ground - Specification",
1998,IS 5975,2020,Raw Sugar - Specification,
1999,IS 3500,2020,Mango Chutney - Specification ( First Revision ),
2000,IS 15827 Amd. 1,2020,Amendment Number 1 to IS 15827,
2001,IS 1664 Amd. 2,2020,Amendment Number 2 to IS 1664,
2002,IS 5470 Amd. 4,2020,Amendment Number 4 to IS 5470,
2003,IS 5672 Amd. 3,2020,Amendment Number 3 to IS 5672,
2004,IS 548 : Part 3 : Sec 2,2020,Methods of Sampling and Test for Oils and Fats Part 3 Advanced Instrumental Methods Section 2 Determination of oxidative stability ( accelerated oxidation test ),
2005,IS 8268,2020,Rhizobium Inoculants - Specification ( Third Revision ),
2006,IS 9138,2020,Azotobacter Spp. Inoculants - Specification ( Third Revision ),
2007,IS 10508,2020,"Phosphoric Acid, Food Grade - Specification ( Second Revision )",
2008,IS/ISO 21572,2019,Foodstuffs-Molecular Biomarker Analysis- Immunochemical Methods for the Detection and Quantification of Proteins,
2009,IS 17459,2021,PALM OIL - DETERMINATION OF THE DETERIORATION OF BLEACHABILITY INDEX (DOBI) AND CAROTENE CONTENT (Adoption of ISO 17932 : 2011),
2010,IS 17460,2021,"ANIMAL AND VEGETABLE FATS AND OILS - DETERMINATION OF MONOACYLGLYCEROLS, DIACYLGLYCEROLS, TRIACYLGLYCEROLS AND GLYCEROL BY HIGH- PERFORMANCE SIZE- EXCLUSION CHROMATOGRAPHY (HPSEC) (Adoption of ISO 18395 : 2005)",
2011,IS 17461,2021,"VEGETABLE FATS AND OILS - ISOMERIC DIACYLGLYCEROLS - DETERMINATION OF RELATIVE AMOUNTS OF 1,2 AND 1,3-DIACYLGLYCEROLS (Adoption of ISO 29822 : 2009)",
2012,IS 17517,2021,PYRIPROXYFEN + FENPROPATHRIN EMULSIFIABLE CONCENTRATE (EC) - SPECIFICATION,
2013,IS 548 : Part 3 : Sec 3,2021,METHODS OF SAMPLING AND TEST FOR OILS AND FATS - PART 3 ADVANCED INSTRUMENTAL METHODS SECTION 3 DETERMINATION OF THE TRIACYLGLYCEROL COMPOSITION OF FATS AND OILS BY CAPILLARY GAS CHROMATOGRAPHY (Adoption of ISO/TS 17383 : 2014),
2014,IS 548 : Part 3 : Sec 4,2021,METHODS OF SAMPLING AND TEST FOR OILS AND FATS PART 3 ADVANCED INSTRUMENTAL METHODS SECTION 4 DETERMINATION OF CONTENT OF POLAR COMPOUNDS (Adoption of ISO 8420 : 2002),
2015,IS 548 : Part 3 : Sec 5,2021,METHODS OF SAMPLING AND TEST FOR OILS AND FATS PART 3 ADVANCED INSTRUMENTAL METHODS SECTION 5 DETERMINATION OF WAX CONTENT BY GAS CHROMATOGRAPHY (Adoption of ISO/TS 23647 : 2010),
2016,IS 548 : Part 3 : Sec 6,2021,METHODS OF SAMPLING AND TEST FOR OILS AND FATS PART 3 ADVANCED INSTRUMENTAL METHODS SECTION 6 DETERMINATION OF PHOSPHORUS CONTENT BY COLORIMETRIC METHOD (Adoption of ISO 10540-1 : 2003),
2017,IS 548 : Part 3 : Sec 7,2021,METHODS OF SAMPLING AND TEST FOR OILS AND FATS PART 3 ADVANCED INSTRUMENTAL METHODS SECTION 7 DETERMINATION OF PHOSPHORUS CONTENT BY GRAPHITE FURNACE ATOMIC ABSORPTION SPECTROMETRIC METHOD (Adoption of ISO 10540-2 : 2003),
2018,IS 548 : Part 3 : Sec 8,2021,METHODS OF SAMPLING AND TEST FOR OILS AND FATS PART 3 ADVANCED INSTRUMENTAL METHODS SECTION 8 DETERMINATION OF PHOSPHORUS CONTENT BY METHOD USING INDUCTIVELY COUPLED PLASMA ICP OPTICAL EMISSION SPECTROSCOPY (Adoption of ISO 10540-3 : 2002),
2019,IS 548 : Part 3 : Sec 9,2021,METHOD OF SAMPLING AND TEST FOR OILS AND FATS PART 3 ADVANCED INSTRUMENTAL METHODS SECTION 9 DETERMINATION OF FATTY-ACID-BOUND CHLOROPROPANEDIOLS MCPDs AND GLYCIDOL BY GCMS METHOD USING FAST ALKALINE TRANSESTERIFICATION AND MEASUREMENT FOR 3- MCPD AND DIFF,
2020,IS 1151,2021,Refined sugar - Specification Second Revision,
2021,IS 1162,2021,Cane Molasses,
2022,IS 14807,2021,Phosphate Solubilizing Bacterial Inoculant (PSBI) - Specification (First Revision),
2023,IS 10500 Amd. 3,2021,Amendment Number 3 to IS 10500,
2024,IS 2346 Amd. 4,2021,Amendment Number 4 to IS 2346,
2025,IS 5402 : Part 1,2021,Microbiology of the food chain - Horizontal method for the enumeration of microorganisms- Part 1: Colony count at 30 C by the pour plate technique,
2026,IS/ISO/TS 22002 : Part 3 ,2011,ISOTS 22002-3:2011 Prerequisite programmes on food safety Part 3: Farming,
2027,IS 5402 : Part 2,2021,Microbiology of the food chain- Horizontal method for the enumeration of microorganisms - Part 2: Colony count at 30 C by the surface plating technique,
2028,IS 17563,2021,Animal and vegetable fats and oils Preparation of test sample,
2029,IS 13689,2021,Butter oil and Anhydrous Butter Oil (first revision of IS 13689),
2030,IS 13690,2021,Butter - Specification,
2031,IS 4884,2021,STERILIZED / UHT STERILIZED CREAM â€“ SPECIFICATION,
2032,IS 16326 Amd. 1,2021,Amendment Number 1 to IS 16326,
2033,IS 16440 Amd. 1,2021,Amendment Number 1 to IS 16440,
2034,IS 16309 : Part 1,2021,WHEAT AND WHEAT FLOUR - GLUTEN CONTENT PART 1 DETERMINATION OF WET GLUTEN BY A MANUAL METHOD,
2035,IS 548 : Part 1 : Sec 1,2021,"METHOD OF SAMPLING AND TEST FOR OILS AND FATS PART I SAMPLING, PHYSICAL AND CHEMICAL TESTS SECTION 1 SAMPLING",
2036,IS 548 : Part 1 : Sec 2,2021,METHOD OF SAMPLING AND TEST FOR OILS AND FATS PART 1 SAMPLING PHYSICAL AND CHEMICAL TESTS SECTION 2 PHYSICAL AND CHEMICAL TESTS,
2037,IS 548 : Part 3 : Sec 1,2021,METHOD OF SAMPLING AND TEST FOR OILS AND FATS PART 3 ADVANCED INSTRUMENTAL METHODS SECTION 1 DETERMINATION OF FATTY ACID PROFILE,
2038,IS 1000,2021,Edible Lactose - Specification,
2039,IS 10484,2021,Paneer - Specification,
2040,IS 1167,2021,EDIBLE CASEIN PRODUCTS - SPECIFICATION,
2041,IS 13662,2021,Isabgol Husk - Specification,
2042,IS 4709,2021,Flavoured Milk - Specification,
2043,IS 5162,2021,Chhana - Specification (second revision),
2044,IS 1005 Amd. 2,2021,Amendment Number 2 to IS 1005,
2045,IS 10903 Amd. 1,2021,Amendment Number 1 to IS 10903,
2046,IS 12981 Amd. 1,2021,Amendment Number 1 to IS 12981,
2047,IS 13659 Amd. 2,2021,Amendment Number 2 to IS 13659,
2048,IS 16040 Amd. 1,2021,Amendment Number 1 to IS 16040,
2049,IS 253 Amd. 1,2021,Amendment Number 1 to IS 253,
2050,IS 3841 Amd. 1,2021,Amendment Number 1 to IS 3841,
2051,IS 4333 : Part 1 Amd. 1,2021,Amendment Number 1 to IS 4333 : Part 1,
2052,IS 5346 Amd. 5,2021,Amendment Number 5 to IS 5346,
2053,IS 9585,2021,Lactometers - Specification,
2054,IS 12299,2021,Dairy Whitener - Specification First Revision,
2055,IS 13859 Amd. 1,2021,Amendment Number 1 to IS 13859,
2056,IS 16042 : Part 2,2021,Cigarettes &mdash; Determination of water in total particulate matter from the mainstream smoke &mdash; Part 2: Karl Fischer method,
2057,IS 17551,2021,FRUIT AND VEGETABLE PRODUCTS DETERMINATION OF PH,
2058,IS 17552,2021,VEGETABLE PRODUCTS DETERMINATION OF CHLORIDE CONTENT,
2059,IS 17553,2021,FRUITS VEGETABLES AND DERIVED PRODUCTS DETERMINATION OF BENZOIC ACID CONTENT SPECTROPHOTOMETRIC METHOD,
2060,IS 17554,2021,FRUITS VEGETABLES AND DERIVED PRODUCTS DETERMINATION OF SORBIC ACID CONTENT,
2061,IS 17555,2021,FRUITS VEGETABLES AND DERIVED PRODUCTS DETERMINATION OF ALKALINITY OF TOTAL ASH AND OF WATER SOLUBLE ASH,
2062,IS 17556,2021,FRUITS VEGETABLES AND DERIVED PRODUCTS QUALITATIVE METHOD FOR THE DETECTION OF SULPHUR DIOXIDE,
2063,IS 17557,2021,FRUITS VEGETABLES AND DERIVED PRODUCTS DETERMINATION OF TOTAL SULPHUR DIOXIDE CONTENT,
2064,IS 17559 : Part 1,2021,FRUITS VEGETABLES AND DERIVED PRODUCTS - DETERMINATION OF ASCORBIC ACID - PART 1 : REFERENCE METHOD,
2065,IS 17559 : Part 2,2021,FRUITS VEGETABLES AND DERIVED PRODUCTS - DETERMINATION OF ASCORBIC ACID - PART 2: ROUTINE METHODS,
2066,IS 17560,2021,FRUITS VEGETABLES AND DERIVED PRODUCTS DETERMINATION OF BENZOIC ACID CONTENT BENZOIC ACID CONTENTS GREATER THAN 200 MG PER LITRE OR PER KILOGRAM - MOLECULAR ABSORPTION SPECTROMETRIC METHOD,
2067,IS 17561,2021,FRUITS VEGETABLES AND DERIVED PRODUCTS DETERMINATION OF NITRITE AND NITRATE CONTENT - MOLECULAR ABSORPTION SPECTROMETRIC METHOD,
2068,IS 17562,2021,FRUIT AND VEGETABLE PRODUCTS DETERMINATION OF BENZOIC ACID AND SORBIC ACID CONCENTRATIONS HIGH PERFORMANCE LIQUID CHROMATOGRAPHY METHOD,
2069,IS 17574 : Part 2,2021,FRUITS VEGETABLES AND DERIVED PRODUCTS - DETERMINATION OF CAROTENE CONTENT - PART 2 : ROUTINE METHODS,
2070,IS/ISO 16634 : Part 2,2016,Food Products Determination of the Total Nitrogen Content by Combustion According to the Dumas Principle and Calculation of the Crude Protein Content : Cereals Pulses and Milled Cereal Products,
2071,IS 16307,2021,Tobacco and tobacco products Cigarettes Monitor test piece Requirements and use,
2072,IS 11313 Amd. 1,2021,Amendment Number 1 to IS 11313,
2073,IS 17606,2021,Stainless Steel Road Tankers For Edible Oils Specification,
2074,IS 5887 : Part 3 : Sec 2,2021,Methods for detection of bacteria responsible for food poisoning Part 3 Horizontal method for the detection enumeration and serotyping of Salmonella Sec 2: Enumeration by a miniaturized most probable number technique,
2075,IS 5887 : Part 3 : Sec 3,2021,Methods for detection of bacteria responsible for food poisoning Part 3 Horizontal method for the detection enumeration and serotyping of Salmonella Sec 3: Guidelines for serotyping of Salmonella spp,
2076,IS 1304,2021,Glossary of Terms Used in Fertilizer Trade and Industry,
2077,IS 16023,2021,Cigarettes - Determination of total and nicotine - Free dry particulate matter using a routine analytical smoking machine,
2078,IS 16042 : PART 1,2021,Cigarettes - Determination of water in smoke condensates: Part 1 gas - Chromatographic method,
2079,IS 16235,2021,Materials used as cigarette papers filter plug wrap and filter joining paper including materials having a discrete or oriented permeable zone and materials with bands of differing permeability - Determination of air permeability,
2080,IS 4359,2021,Kattha,
2081,IS 13548,2021,Agricultural Wheeled Tractors and Field Machinery - Measurement of Whole-body Vibration of the Operator,
2082,IS 17617,2021,THIODICARB WETTABLE POWDER WP SPECIFICATION,
2083,IS 17558,2021,LIQUID FRUIT AND VEGETABLE PRODUCTS DETERMINATION OF SULPHUR DIOXIDE CONTENT ROUTINE METHOD,
2084,IS 10318 : Part 1,2021,Agricultural Tural Tractors and Machinery - Power Take-Off Drive Shafts and Position of Power-Input Connection,
2085,IS 10318 : Part 2,2021,"Agricultural tractors and machinery â€” Power take-off drive shafts and power-input connection â€” Part 2: Specification for use of PTO drive shafts, and position and clearance of PTO drive line and PIC for various attachments",
2086,IS 17620,2021,Coffee sampling Triers for green coffee or raw coffee and parchment coffee,
2087,IS 17667,2021,Vegetable fats and oils Determination of phospholipids content in lecithins by HPLC using a light-scattering detector,
2088,IS 11032,2021,Rotary Screen-type Precleaner,
2089,IS 12343,2021,Agricultural tractors - Operators seat technical requirements,
2090,IS 17619,2021,Gellan Gum food grade - Specification,
2091,IS 17669,2021,Infant formula and adult nutritionals Simultaneous determination of total vitamins B1 B2 B3 and B6 Enzymatic digestion and LC-MSMS,
2092,IS 17671,2021,Infant formula and adult nutritionals Determination of beta-carotene lycopene and lutein by reversed-phase ultra- high performance liquid chromatography RP-UHPLC,
2093,IS 15806 Amd. 2,2021,Amendment Number 2 to IS 15806,
2094,IS 17651,2021,Soy nuts,
2095,IS 17652,2021,Soy Butter,
2096,IS 8133,2021,Guidelines for location and operation of operator controls on agricultural tractors and machinery,
2097,IS 6997 - (Active),2021,Test code for sugarcane crushers - (Vaild upto 28 February 2027),
2098,IS 15108,2021,Pretreatment of Samples for Physico-Chemical Analyses,
2099,IS 14831,2021,Animal Feeding Stuff - Guidelines for Sample Preparation,
2100,IS 5983 : PART 2,2021,Animal feeding stuffs - Determination of nitrogen content and calculation of crude protein content : Part 2 Block digestion/steam distillation method,
2101,IS 14183 Amd. 2,2021,Amendment Number 2 to IS 14183,
2102,IS 14668,2021,SUPPORTING SCREEN AND CENTRIFUGAL LINERS FOR VARIOUS TYPES OF CENTRIFUGAL MACHINES- SPECIFICATION,
2103,IS 17504,2021,Emulsified Sauces - Specification,
2104,IS 17510,2021,General Standards For Ready- To-Eat Savouries,
2105,IS 17780,2021,FORTIFIED RICE- SPECIFICATION,
2106,IS 17781,2021,VITAMIN MINERAL PREMIX FOR MANUFACTURING FORTIFIED RICE KERNELS- SPECIFICATION,
2107,IS 17782,2021,FORTIFIED RICE KERNELS- SPECIFICATION,
2108,IS 17626,2021,Self-Propelled Sugarcane Harvester - Test Methods,
2109,IS 17670,2021,Fortified milk powders infant formula and adult nutritionals Determination of total biotin by liquid chromatography coupled with immunoaffinity column clean-up extraction,
2110,IS 17673,2021,Soy Amrakhand,
2111,IS 17668,2021,Infant formula and adult nutritionals Determination of free and total choline and free and total carnitine Liquid chromatography tandem mass spectrometry HPLC-MSMS,
2112,IS/ISO 13904,2016,ANIMAL FEEDING STUFFS DETERMINATION OF TRYPTOPHAN CONTENT,
2113,IS 14829,2021,Determination of water-soluble chlorides content Part 1 :Titrimetric method,
2114,IS 9311,2021,GUIDE TO STORAGE OF ONIONS,
2115,IS 16261,2021,Tobacco and tobacco products - Determination of nicotine purity - Gravimetric method using tungstosilicic acid,
2116,IS 13929,2021,STAINLESS STEEL DECKING PLATES FOR CANE MUD FILTERS SPECIFICATION,
2117,IS 7731,2021,GUIDE FOR STORAGE OF PEACHES,
2118,IS 9303,2021,GUIDE FOR COLD STORAGE OF TABLE GRAPES,
2119,IS 16550 : Part 2,2021,"Organically produced food products - Part 2, Animal based",
2120,IS 14826,2021,ANIMAL FEEDING STUFFS DETERMINATION OF ASH INSOLUBLE IN HYDROCHLORIC ACID,
2121,IS 16779,2021,Tobacco and tobacco products - Determination of the width of the strands of cut tobacco,
2122,IS 2867,2021,CANNED MANGOES,
2123,IS 3245,2021,CANNED PEAS,
2124,IS 10500 Amd. 4,2021,Amendment Number 4 to IS 10500,
2125,IS 17424 : Part 5,2021,Glossary of Ayurvedic Terminology Part 5 Standardized Terminology for Body Structure and Function,
2126,IS 17747,2021,"Spices and Condiments â€” Nutmeg (Without Shell), Whole and Ground â€” Specification",
2127,IS 15109 : Part 1,2021,DETERMINATION OF THE EFFECTS OF POLLUTANTS ON SOIL FLORA - PART 1: METHOD FOR THE MEASUREMENT OF INHIBITION OF ROOT GROWTH First Revision,
2128,IS 17672,2021,Draft Indian Standard POTASH MOBILIZING BACTERIAL INOCULANT (KMBI) â€“ SPECIFICATION,
2129,IS 17779,2021,"Microbiology of the Food Chain â€” Preparation of Test Samples, Initial Suspension and Decimal Dilutions for Microbiological Examination â€” Part 5: Specific Rules for the Preparation of Milk and Milk Products (Adoption of ISO 6887-5:2020)",
2130,IS 14806,2021,Azospirillum Inoculent,
2131,IS 15605 Amd. 1,2021,Amendment Number 1 to IS 15605,
2132,IS 12003 Amd. 5,2013,Amendment Number 5 to IS 12003,
2133,IS 14184 Amd. 2,2013,Amendment Number 2 to IS 14184,
2134,IS 3905 Amd. 6,2013,Amendment Number 6 to IS 3905,
2135,IS 17748,2022,Spices and Condiments Mace Whole and Ground Specification,
2136,IS 17754 : Part 2,2022,Draft Indian Standard - Agricultural grains driers - Determination of drying performance - Part 2 Additional procedures and Crop Specific requirements,
2137,IS 17754 : Part 1,2022,Draft Indian Standard - Agricultural grain driers - Determination of drying performance-Part1:General,
2138,IS 17854,2022,EQUIPMENT FOR MANUFACTURE OF FORTIFIED RICE - SPECIFICATION,
2139,IS 17853,2022,EQUIPMENT FOR MANUFACTURE OF FORTIFIED RICE KERNEL - SPECIFICATION,
2140,IS 11977,2022,GUIDE FOR RIPENING OF BANANAS,
2141,IS 17778,2022,Bidis Determination of total and nicotine-free dry particulate matter using a linear routine analytical smoking machine,
2142,IS 17804 : Part 1,2022,Determination of Substances Characteristic of Green and Black Tea Part 1: Content of Total Polyphenols in Tea Colorimetric Method Using Folin-Ciocalteu Reagent (Adoption of ISO 14502-1:2005 along with its Cor 1:2006),
2143,IS 17804 : Part 2,2022,Determination of Substances Characteristic of Green and Black Tea Part 2: Content of Catechins in Green Tea - Method Using High- Performance Liquid Chromatography (Adoption of ISO 14502-2 : 2005 along with its Cor 1 : 2006),
2144,IS 14647,2022,TOBACCO AND TOBACCO PRODUCTS - QUIWAM - SPECIFICATION,
2145,IS 16025,2022,Cigarettes Determination of nicotine in total particulate matter from the mainstream smoke Gas-chromatographic method,
2146,IS 16308,2022,Tobacco and Tobacco Products Determination of Water Content Gas- Chromatographic Method,
2147,IS 17195,2022,Cigarettes Determination of Ventilation Definitions and Measurement Principles,
2148,IS 1798,2022,SPICES AND CONDIMENTS BLACK PEPPER WHOLE AND GROUND SPECIFICATION,
2149,IS 1925,2022,Bidis Specification,
2150,IS 2344,2022,Flake type chewing tobacco zarda - Specification,
2151,IS 3041,2022,MINCED TYPE CHEWING TOBACCO - SPECIFICATION,
2152,IS 3576,2022,SPICES AND CONDIMENTS TURMERIC WHOLE AND GROUND SPECIFICATION,
2153,IS 3795,2022,SPICES AND CONDIMENTS FENUGREEK WHOLE AND GROUND SPECIFICATION,
2154,IS 4403,2022,SPICES AND CONDIMENTS AJOWAN BISHOPS SEED SPECIFICATION,
2155,IS 4404,2022,SPICES AND CONDIMENTS CLOVES WHOLE AND GROUND SPECIFICATION,
2156,IS 8600,2022,Tobacco Sampling of batches of raw material General principles,
2157,IS 9978,2022,Tendu Leaf - Specification,
2158,IS 17822,2022,Sensory analysis Methodology A - not A Test,
2159,IS 17823,2022,Sensory Analysis Guidelines for Sensory Assessment of the Colour of Products,
2160,IS 17824,2022,Sensory analysis Methodology Triangle test,
2161,IS 17826,2022,Sensory analysis Methodology Duo-trio Test,
2162,IS 17827,2022,Sensory Analysis Methodology General Guidance,
2163,IS 17828,2022,Sensory analysis Identification and selection of descriptors for establishing a sensory profile by a multidimensional approach,
2164,IS 17829,2022,Sensory analysis Methodology Paired Comparison Test,
2165,IS 17830,2022,Sensory analysis Methodology Ranking,
2166,IS 17831,2022,Sensory Analysis Methodology Texture Profile,
2167,IS 11923,2022,COCOA MASS (COCOA OR CHOCOLATE LIQUOR) - SPECIFICATION(FIRST REVISION OF IS 11923),
2168,IS 3077,2022,ROASTED AND GROUND COFFEE - SPECIFICATION (THIRD REVISION OF IS 3077),
2169,IS 17819,2022,Water Quality-Enumeration of Escherichia Coli and Coliform Bacteria-Most Probable Number Method,
2170,IS 6661,2022,Potassium Schoenite,
2171,IS 14606,2022,Irrigation Equipment - Media Filter,
2172,IS 2791,2022,SOLUBLE COFFEE POWDER - SPECIFICATION (FOURTH REVISION OF IS 2791),
2173,IS 3309,2022,SOLUBLE COFFEE-CHICORY POWDER - SPECIFICATION (THIRD REVISION OF IS 3309),
2174,IS 17755,2022,CONSORTIA OF MICROBIAL INOCULANTS (MIXED BIOFERTILIZER INOCULANTS) â€“ SPECIFICATION,
2175,IS 17818,2022,CODE OF PRACTICE FOR THE REDUCTION OF AFLATOXIN B1 IN RAW MATERIALS AND SUPPLEMENTAL FEEDING STUFFS FOR MILK PRODUCING ANIMALS,
2176,IS 15188,2022,Water quality - General requirements and guidance for microbiological examinations by culture,
2177,IS 15343,2022,Pressmud for Reclamation of Sodic Soil- Specification,
2178,IS 5236,2022,TRANSPORT OF PIGS BY RAIL AND ROAD - CODE OF PRACTICE,
2179,IS 7131,2022,Nitrophosphate Based Granulated Fertilizers,
2180,IS 17448 Amd. 1,2022,Amendment Number 1 to IS 17448,
2181,IS 5887 : Part 3 : Sec 1,2022,Amendment Number 1 to IS Amd. 1                                             5887 : Part 3 : Sec 1,
2182,IS 17383 Amd. 1,2022,Amendment Number 1 to IS 17383,
2183,IS 17825,2022,Sensory analysis Methodology Method of investigating sensitivity of taste,
2184,IS 10901,2022,PROTEIN-RICH (PAUSHTIK) ATTA - SPECIFICATION(FIRST REVISION OF IS 10901),
2185,IS 10902,2022,PROTEIN-RICH (PAUSHTIK) MAIDA - SPECIFICATION(FIRST REVISION OF IS 10902),
2186,IS 1152,2022,Icing sugar - Specification Second Revision,
2187,IS 1166,2022,"SWEETENED CONDENSED MILK, SWEETENED CONDENSED PARTLY SKIMMED MILK, SWEETENED CONDENSED SKIMMED MILK AND SWEETENED CONDENSD HIGH FAT MILK- SPECIFICATION (Third Revision of IS 1166)",
2188,IS 2400,2022,BESAN - SPECIFICATION (SECOND REVISION OF IS 2400),
2189,IS 1165,2022,WHOLE MILK POWDER - SPECIFICATION (Sixth Revision of IS 1165),
2190,IS 5521,2022,SPECIFICATION FOR STEEL TANKS FOR STORAGE OF MOLASSES,
2191,IS 11536,2022,Processed Cereal Based Complementary Foods - Specification ( Third Revision ),
2192,IS 1155,2022,ATTA - SPECIFICATION,
2193,IS 14433,2022,INFANT MILK SUBSTITUTES - SPECIFICATION,
2194,IS 15757,2022,Infant Food - Follow-Up Formula - Specification,
2195,IS 1656,2022,Infant Food - Milk-Cereal Based Complementary Foods - Specification,
2196,IS 7192,2022,Guide for storage of citrus fruits,
2197,IS 17113 : Part 4,2022,Microbiology of the Food Chain-Method Validation - Part 4 Protocol for Method Validation in a Single Laboratory,
2198,IS 17113 : Part 5,2022,Microbiology of the Food Chain-Method Validation - Part 5 Protocol for Factorial Interlaboratory Validation for Non-Proprietary Methods,
2199,IS 17872,2022,Microbiology of the Food Chain-Estimation of Measurement Uncertainty for Quantitative Determinations,
2200,IS 17847,2022,"Bensulfuron Methyl, Technical ¯ Specification",
2201,IS 9304,2022,Guide for Storage and Ripening of Mangoes,
2202,IS 3061,2022,"Pork Sausages, Fresh - Specification",
2203,IS 16892 Amd. 1,2022,Amendment Number 1 to IS 16892,
2204,IS 17113 : Part 3,2022,Microbiology of the Food Chain-Method Validation - Part 3 Protocol for the Verification of Reference Methods and Validated Alternative Methods in a Single Laboratory,
2205,IS 7730,2022,Guide for Storage of Pears,
2206,IS 4287,2022,STARCH - GLOSSARY,
2207,IS 4950,2022,Bacon Rashers Canned,
2208,IS 17901,2022,Animal Feeding Stuffs- Sampling,
2209,IS 17902,2022,Animal Feeding Stuffs- Determination of Amylase- Treated Neutral Detergent Fibre Content (Andf),
2210,IS 17903,2022,Animal Feeding Stuffs- Determination of Acid Detergent Fibre (ADF) and Acid Detergent Lignin (ADL) Contents,
2211,IS 17904,2022,Animal Feeding Stuffs- Enzymatic Determination of Total Starch Content,
2212,IS 17873,2022,Cotton Yoga Mat-Specification,
2213,IS 17874 : Part 1,2022,Glossary of Yoga Terminology - Part 1 Standardized Terminology for Commonly Used Terms Related to Yoga,
2214,IS 899,2022,Tapioca Sago (Saboodana)- Specification,
2215,IS 11965,2022,Guide for Storage of Round- Headed Cabbage,
2216,IS/ISO 21466,2019,Infant Formula and Adult Nutritionals- Determination of Trans and Total ( cis + trans ) Vitamin K1 Content- Normal Phase HPLC,
2217,IS 11536 Amd. 1,2022,Amendment Number 1 to IS 11536,
2218,IS 14433 Amd. 1,2022,Amendment Number 1 to IS 14433,
2219,IS 15757 Amd. 1,2022,Amendment Number 1 to IS 15757,
2220,IS 1656 Amd. 1,2022,Amendment Number 1 to IS 1656,
2221,IS 17113 : Part 6,2022,Microbiology of the food chain - Method validation - Part 6: Protocol for the validation of alternative proprietary methods for microbiological confirmation and typing procedures,
2222,IS 12207,2022,Agricultural Tractors Recommendations on Selected Performance Characteristics,
2223,IS 11586,2022,Malt Sprouts as Livestock Feed Ingredient-Specification,
2224,IS 1713,2022,Decorticated Groundnut Oilcake as Livestock Feed Ingredient-Specification,
2225,IS 2151,2022,Maize Germ Oilcake as Livestock Feed Ingredient- Specification,
2226,IS 2153,2022,Maize Bran as Livestock Feed Ingredient-Specification,
2227,IS 1935,2022,Linseed Oilcake as Livestock Feed Ingredient-Specification,
2228,IS 2239,2022,Wheat Bran as Livestock Feed Ingredient-Specification,
2229,IS 3160,2022,Tur Chuni as Livestock Feed Ingredient-Specification,
2230,IS 3161,2022,Gram Chuni as Livestock Feed Ingredient-Specification,
2231,IS 3163,2022,Rice Polish as Livestock Feed Ingredient-Specification,
2232,IS 4193,2022,Guar Meal as Livestock Feed Ingredient-Specification,
2233,IS 5862,2022,Solvent Extracted NigerseedOilcake (Meal) as Livestock Feed-Specification,
2234,IS 15285 Amd. 1,2022,Amendment Number 1 to IS 15285,
2235,IS 15316 Amd. 1,2022,Amendment Number 1 to IS 15316,
2236,IS/ISO 22003 : Part 1,2022,Food Safety - Part 1 Requirements for Bodies Providing Audit and Certification of Food Safety Management Systems,
2237,IS/ISO 22003 : Part 2,2022,"Food Safety - Part 2 Requirements for Bodies Providing Evaluation and Certification of Products, Processes and Services, Including an Audit of the Food Safety System",
2238,IS 15806 Amd. 3,2022,Amendment Number 3 to IS 15806,
2239,IS 16426 Amd. 1,2022,Amendment Number 1 to IS 16426,
2240,IS 17945,2022,Food for Special Medical Purpose Intended for Infants- Specification,
2241,IS 3441,2022,Solvent Extracted Groundnut Oil Cake as Livestock Feed Ingredient-Specification,
2242,IS 14702,2022,Solvent Extracted Undecorticated Sunflower Oilcake as Livestock Feed Ingredient-Specification,
2243,IS 16309 : Part 2,2022,Wheat and Wheat Flour-Gluten Content - Part 2 Determination of Wet Gluten and Gluten Index by Mechanical Means,
2244,IS 8824 : Part 1,2022,"Electrical Moisture Meters- Specification - Part 1 Food Grains, Seeds And Flour",
2245,IS 17924,2022,Determination of Pesticide Residue in Herbal Materials,
2246,IS 18081,2022,Arjuna [Terminalia Arjuna (Roxb. Ex DC.) Wight and Arn.] Bark for use in Traditional Medicine – Specifications,
2247,IS 18082,2022,Haridra (Curcuma longa L.) Rhizome for use in Traditional Medicine-Specification,
2248,IS 18085,2022,Amalaki (Phyllanthus emblica L.) Dried Fruit for use in Traditional Medicine- Specifications,
2249,IS 18086,2022,Amalaki (Phyllanthus emblica L.) Fresh Fruit for use in Traditional Medicine- Specification,
2250,IS 18087,2022,Haritaki (Terminalia chebula Retz.) Fruit for use in Traditional Medicine Specifications,
2251,IS 18089 : Part 1,2022,Panchakarma Equipment - Part 1 Droni-Specifications,
2252,IS 18090,2022,Shatavari (Asparagus racemosus Willd.) Root for use in Traditional Medicine- Specification,
2253,IS 18091,2022,Guduchi [Tinospora cordifolia (Willd.) Miers.] Stem for use in Traditional Medicine- Specifications,
2254,IS 18092,2022,Yashti (Glycyrrhiza glabra L.) Stolon and Root for use in Traditional Medicine- Specifications,
2255,IS 18093,2022,Punarnava (Boerhaavia diffusa L.) Root for use in Traditional Medicine-Specification,
2256,IS 18094,2022,Shunthi (Zingiber officinale Roxb.) Rhizome for use in Traditional Medicine- Specification,
2257,IS 18096,2022,Tulasi (Ocimum tenuiflorum L.) Leaf for use in Traditional Medicine-Specifications,
2258,IS 18098,2022,Ashvagandha [Withania somnifera (L.) Dunal.] Root for use in Traditional Medicine- Specifications,
2259,IS 19016,2022,Bibhitaka [Terminalia bellirica (Gaertn.) Roxb.] Fruit for use in Traditional Medicine- Specifications,
2260,IS 19017,2022,Pippali (Piper longum Linn.) Fruit for use in Traditional Medicine-Specifications,
2261,IS 19018,2022,Svarnapatri (Cassia senna L.) Leaf for use in Traditional Medicine-Specifications,
2262,IS 19019,2022,Vasa (Justicia adhatoda L.) Leaf for use in Traditional Medicine-Specifications,
2263,IS 19020,2022,Brahmi [Bacopa monnieri (L.) Wettst.] Whole Plant for use in Traditional Medicine- Specifications,
2264,IS 18089 : Part 2,2022,Panchakarma Equipment - Part 2 Shirodhara Yantra- Specifications,
2265,IS 5994,2022,Agricultural Tractors-Test Code,
2266,IS 1932,2022,Mustard and Rapeseed Oilcake as Livestock Feed Ingredient- Specification,
2267,IS 18063,2022,Scythes- Specification,
2268,IS 12898,2022,Dairy Products-Yoghurt- Specification,
2269,IS 14936,2022,Triazophos Technical Concentrates-Specification,
2270,IS 3593,2022,Solvent Extracted Rice Bran (De- Oiled Rice Bran) as Livestock Feed Ingredient- Specification,
2271,IS 4448,2022,"Benzoic Acid, Food Grade- Specification",
2272,IS 5552,2022,"Warfarin, Technical- Specification",
2273,IS 7839,2022,Dried Ice Cream Mix- Specification,
2274,IS 8258,2022,Oxydemeton-Methyl Technical Concentrates-Specification,
2275,IS 8955,2022,Edifenphos Emulsifiable Concentrates - Specification,
2276,IS 9351,2022,Nickel Chloride Hexahydrate Pesticidal Grade-Specification,
2277,IS 9584,2022,Cheese Powder-Specification,
2278,IS 1712,2022,Cottonseed Oilcake as Livestock Feed Ingredient- Specification,
2279,IS 2785,2022,Cheese-Specification,
2280,IS 2802,2022,Ice Cream and Kulfi- Specification,
2281,IS 5126 Amd. 1,2023,Amendment Number 1 to IS 5126,
2282,IS 14827,2023,Animal Feeding Stuffs- Determination of Crude Ash,
2283,IS 8259,2023,Oxydemeton-Methyl Emulsifiable Concentrates- Specification,
2284,IS 17969,2023,Molecular Biomarker Analysis - Methods of Analysis for the Detection and Identification of Animal Species in Foods and Food Products (Nucleic Acid- Based Methods- General Requirements and Definitions,
2285,IS/ISO/TS 21569 : Part 5 ,2016,Horizontal Methods for Molecular Biomarker Analysis- Methods of Analysis for the Detection of Genetically Modified Organisms and Derived Products - Part 5 Real- Time PCR Based Screening Method for the Detection of the FMV Promoter (P-FMV) DNA Sequence,
2286,IS/ISO/TS 21569 : Part 6 ,2016,Horizontal Methods for Molecular Biomarker Analysis- Methods of Analysis for the Detection of Genetically Modified Organisms and Derived Products - Part 6 Real- Time PCR Based Screening Methods for the Detection of Cry1ab/Ac and Pubi-cry DNA Sequences,
2287,IS 18133,2023,"Animal Feeding Stuffs, Cereals and Milled Cereal Products- Guidelines for the Application of Near Infrared Spectrometry",
2288,IS 18136,2023,"Animal Feeding Stuffs- Determination of Lysine, Methionine and Threonine in Commercial Amino Acid Products and Premixtures",
2289,IS 18137,2023,Animal Feeding Stuffs- Qualitative Determination of Zearalenone,
2290,IS 18138,2023,Animal Feeding Stuffs- Determination of Starch Content-Polarimetric Method,
2291,IS 18141,2023,Animal Feeding Stuffs- Determination of Soluble Nitrogen Content After Treatment with Pepsin in Dilute Hydrochloric Acid,
2292,IS 18142,2023,Animal Feeding Stuffs- Determination of Available Lysine,
2293,IS 18143,2023,Animal Feeding Stuffs- Determination of Aflatoxin B1,
2294,IS 18144,2023,Animal Feeding Stuffs- Determination of Zearalenone by Immunoaffinity Column Chromatography and High Performance Liquid Chromatography,
2295,IS 1055,2023,Nicotine Sulfate Solution- Specification,
2296,IS 12501,2023,"Ferbam, Technical- Specification",
2297,IS 12562,2023,Ferbam Wettable Powders- Specification,
2298,IS 14160,2023,Simazine Wettable Powders- Specification,
2299,IS 16150 : Part 1,2023,Fish Feed-Specification - Part 1 Carp Feed,
2300,IS 16150 : Part 3,2023,Fish Feed-Specification - Part 3 Marine Shrimp Feed,
2301,IS 4929,2023,"Dichlorvos, Technical- Specification",
2302,IS 5277,2023,"Dichlorvos, Emulsifiable Concentrates-Specification",
2303,IS 5551,2023,"Warfarin-Sodium, Technical- Specification",
2304,IS 7976,2023,"Phorate, Technical- Specification",
2305,IS 8024,2023,Formothion Technical Solutions-Specification,
2306,IS 8267,2023,Dalapon-Sodium Technical- Specification,
2307,IS 18122,2023,"Gibberellic Acid, Technical- Specification",
2308,IS 18140,2023,Roasted Bengal Gram- Specification,
2309,IS 19004,2023,"Sodium Hexa Meta Phosphate, Food Grade – Specification",
2310,IS 10295,2023,Fenitrothion Water Dispersible Powders-Specification,
2311,IS 10300,2023,Captafol Technical - Specification,
2312,IS 14157,2023,Simazine Technical- Specification,
2313,IS 4751,2023,"Potassium Metabisulphite, Food Grade-Specification",
2314,IS 5280,2023,Fenitrothion Technical- Specification,
2315,IS 5281,2023,Fenitrothion Emulsifiable Concentrate-Specification,
2316,IS 6591,2023,Stainless Steel Rail Milk Tank Van-Specification,
2317,IS 7126,2023,Fenitrothion Dusting Powders- Specification,
2318,IS 8026,2023,Formothion Emulsifiable Concentrates-Specification,
2319,IS 8489,2023,Phosalone Dusting Powders- Specification,
2320,IS 8958,2023,Fluchloralin Technical Concentrates-Specification,
2321,IS 8488,2023,Phosalone Technical- Specification,
2322,IS 16150 : Part 5,2023,Fish Feed Specification Part 5 Pangasius Feed,
2323,IS 5887 : Part 5 : Sec 1,2023,"Methods for Detection of Bacteria Responsible for Food Poisoning Part 5 Horizontal Method for the Determination of Vibrio spp. Section 1 Detection of Potentially Enteropathogenic Vibrio parahaemolyticus, Vibrio cholerae and Vibrio vulnificus",
2324,IS 11602,2023,Packed Gulab Jamuns- Specification,
2325,IS 2322,2023,Spices And Condiments Chillies Whole And Ground Powdered Specification,
2326,IS 2447,2023,Spices And Condiments Cumin Safed Jeerawhole And Ground Specification,
2327,IS 4079,2023,Packed Rasogolla- Specification,
2328,IS 4883,2023,Khoa-Specification,
2329,IS 5550,2023,Burfi- Specification,
2330,IS 9617,2023,Dahi-Specification,
2331,IS 3579 Amd. 1,1983,Amendment Number 1 to IS 3579,
2332,IS 8190 : Part 4 Amd. 5,2001,Amendment Number 5 to IS 8190 : Part 4,
2333,IS 18107,2023,Milk And Milk Products - Method For The Enumeration Of Pseudomonas Spp,
2334,IS 18108,2023,Milk And Milk Powder- Determination Of Aflatoxin M1 Content - Clean-Up By Immunoaffinity Chromatography And Determination By Thin-Layer Chromatography,
2335,IS 18109,2023,Milk And Milk Products - Determination Of Aflatoxin M1 Content - Guidelines For A Standardized Description Of Competitive Enzyme Immunoassays,
2336,IS 18110,2023,Milk And Milk Powder - Determination Of Aflatoxin M1 Content - Clean-Up By Immunoaffinity Chromatography And Determination By High- Performance Liquid Chromatography,
2337,IS 7168,2023,Warfarin Sodium Salt Water Soluble Powders - Specification,
2338,IS 9359,2023,Phorate G Encapsulated Specification,
2339,IS 9532,2023,Chakka And Shrikhand - Specification,
2340,IS 16067 : Part 2,2023,Microbiology of Food Chain - Horizontal Method for the Enumeration of - Glucuronidase-Positive Escherichia Coli Part 2 Colony- Count Technique at 44 °C Using 5-Bromo-4-Chloro-3- Indolyl -D-Glucuronide,
2341,IS 18102,2023,Fermented Fish - Sheedal or Ngari - Specification,
2342,IS 18113,2023,Food Products - Guidance on How to Express Vitamins and Their Vitamers Content,
2343,IS 18145,2023,Vegetable Cutting Machine - Specification,
2344,IS 10898,2023,Fortified Atta - Specification,
2345,IS 1907,2023,"Cardamom (Capsules, Seeds and Powder) - Specification",
2346,IS 8487,2023,Phosalone Emulsifiable Concentrates - Specification,
2347,IS 8954,2023,Edifenphos Technical - Specification,
2348,IS 8959,2023,Fluchloralin Emulsifiable Concentrates - Specification,
2349,IS 9365,2023,Fenitrothion Granules - Specification,
2350,IS 1877,2023,Spices and Condiments - Botanical Nomenclature,
2351,IS 16240,2023,Reverse Osmosis Based Point of Use Water Treatment System for Drinking Purposes- Specification,
2352,IS 16067 : Part 3,2023,Microbiology Of The Food Chain Horizontal Method For The Enumeration Of Beta Glucuronidase Positive Escherichia Coli Part 3: Detection And Most Probable Number Technique Using 5- Bromo-4-Chloro-3- Indolyl--D- Glucuronide,
2353,IS 7247 : Part 3,2023,Fumigation of Agricultural Produce-Code of Practice Part 3 Aluminium Phosphide (Phosphin),
2354,IS 7247 : Part 5,2023,Fumigation of Agricultural Produce - Code of Practice - Part 5 General Requirements,
2355,IS 6046,2023,Gypsum for Agricultural Use- Specification,
2356,IS/ISO 21569 : Part 3,2020,Horizontal Methods for Molecular Biomarker Analysis- Methods of Analysis for the Detection of Genetically Modified Organisms and Derived Products - Part 3 Construct-Specific Real-Time PCR Method for Detection of P35S-pat-Sequence for Screening for Genetica,
2357,IS 5887 : Part 8 : Sec 1,2023,Methods for Detection of Bacteria Responsible for Food Poisoning - Part 8 Horizontal Method for the Enumeration of Coagulase-Positive Staphylococci (Staphylococcus Aureus and Other Species) - Section 1 Method Using Baird- Parker Agar Medium,
2358,IS 15989,2023,Microbiology of Food and Animal Feeding Stuffs-Carcass Sampling for Microbiological Analysis,
2359,IS 3661,2023,Bulk Milk Cooling Tanks- Specification,
2360,IS 5960 : Part 12,2023,Meat and Meat Products- Methods of Test - Part 12 Determination of L-(+)-Glutamic Acid Content-Reference Method,
2361,IS 5887 : Part 5 : Sec 2,2023,Methods for Detection of Bacteria Responsible for Food Poisoning - Part 5 Horizontal Method for the Determination of Vibrio spp. - Section 2 Enumeration of Total and Potentially Enteropathogenic Vibrio parahaemolyticus in Seafood Using Nucleic Acid Hybrid,
2362,IS 18121,2023,BIOFERTILIZER LIQUID BASED PHOSPHATE SOLUBILIZING FUNGAL INOCULANTS ASPERGILLUS AWAMORI SPECIFICATION,
2363,IS 18146,2023,Phosphate Rich Organic Manure Specification,
2364,IS 18183,2023,Point of use (PoU) water purification system for arsenic reduction ï¿½ Specification,
2365,IS 18238,2023,Soil quality Determination of cadmium chromium cobalt copper lead manganese nickel and zinc in aqua regia extracts of soil Flame and electrothermal atomic absorption spectrometric methods,
2366,IS 18239,2023,Soil quality Determination of mercury in aqua regia soil extracts with cold-vapour atomic spectrometry or cold- vapour atomic fluorescence spectrometry,
2367,IS 18241,2023,Soil quality Determination of arsenic antimony and selenium in aqua regia soil extracts with electrothermal or hydride- generation atomic absorption spectrometry,
2368,IS 18242,2023,Soil quality Determination of trace elements in extracts of soil by inductively coupled plasma-atomic emission spectrometry ICP-AES,
2369,IS 11102,2023,GLASS BOTTLES FOR SUGAR STANDARDS SPECIFICATION First Revision,
2370,IS 11492,2023,ROTARY VACUUM FILTER SCREENS FOR SUGAR INDUSTRY SPECIFICATION First Revision,
2371,IS 12362 : Part 3,2023,Agricultural Vehicles - Mechanical connections between towed and towing vehicles- Part 3 Tractor drawbar,
2372,IS 12906,2023,MISRI SPECIFICATION (First Revision),
2373,IS 12935,2023,RECOMMENDED INDUSTRIAL SCREENSWIRE NETTING FOR GRADING SUGAR SPECIFICATIOIN First Revision,
2374,IS 13316,2023,WELDED AUSTENITIC STAINLESS-STEEL TUBES FOR HEAT EXCHANGERS FOR THE SUGAR INDUSTRY SPECIFICATION First Revision,
2375,IS 13693,2023,Determination of dehusked grains in rice by double staining method (First Revision of IS 13693),
2376,IS 13732,2023,Agricultural Tractors and Machinery General Purpose Quick-action Hydraulic Couplers,
2377,IS 14400,2023,PALM SUGAR SPECIFICATION First Revision,
2378,IS 14410,2023,QUINALPHOS AF SPECIFICATION,
2379,IS 15235,2023,CHLORPYRIFOS CYPERMETHRIN EMULSIFIABLE CONCENTRATE SPECIFICATION,
2380,IS 16820 : Part 1,2023,Tractors for Agriculture and Forestry-Roll-Over Protective Structures on Narrow Tractors - Part 1 Front-Mounted ROPS,
2381,IS 16820 : Part 2,2023,Tractors for Agriculture and Forestry-Roll-Over Protective Structures on Narrow Tractors - Part 2 Rear-Mounted ROPS,
2382,IS 17196,2023,Routine analytical cigarette smoking machine - Additional test methods for machine verification,
2383,IS 2052,2023,Compounded Feeds for Cattle- Specification,
2384,IS 3901,2023,ZIRAM WATER DISPERSIBLE POWDER SPECIFICATION second revision,
2385,IS 4333 : Part 3,2023,Methods of Analysis for Foodgrains: Part 3 Determination of Bulk density Called Mass per Hectolitre (Routine Method),
2386,IS 6283 : Part 1,2023,Tractors Machinery for Agriculture and Forestry Powered Lawn and Garden Equipment Symbols for Operator Controls and Other Displays Part 1 Common Symbols (Third Revision),
2387,IS 6283 : Part 2,2023,Tractors Machinery for Agriculture and Forestry Powered Lawn and Garden Equipment Symbols for Operator Controls and Other Displays Part 2 Symbols for Agricultural Tractors and Machinery (Third Revision),
2388,IS 8029,2023,QUINALPHOS DUSTING POWDERS SPECIFICATION second revision,
2389,IS 8072,2023,QUINALPHOS TECHNICAL SPECIFICATION,
2390,IS 8294,2023,Liquid amine salts of MCPA - Specification,
2391,IS 8480,2023,Equipment for Crop Protection - Vocabulary (Second Revision),
2392,IS 8703,2023,DIURON WATER DISPERSIBLE POWDER CONCENTRATES SPECIFICATION first revision,
2393,IS 9366,2023,QUINALPHOS GRANULES SPECIFICATION,
2394,IS 9379,2023,Tobacco and tobacco products - Determination of water content - Karl fischer method,
2395,IS 12924,2023,Bura-Specification,
2396,IS 8494,2023,"MCPA, Technical-Specification",
2397,IS 10899,2023,Fortified Maida - Specification(First Revision Of Is 10899),
2398,IS 18252,2023,Packed Tender Coconut Water-Specification,
2399,IS 18262,2023,Dried Pomegranate Arils (Anardana)-Specification,
2400,IS 14216,2023,Spices and Condiments Processing Units-Code of Hygiene Practices,
2401,IS 1909,2023,Indian Curry Powder- Specification,
2402,IS 3383,2023,Sulphur Wettable Powders- Specification,
2403,IS 6444,2023,Sulphur Dusting Powders- Specification,
2404,IS 8028,2023,Quinalphos Emulsifiable Concentrate-Specification,
2405,IS 18179,2023,Manjishtha Rubia Cordifolia L Root For Use In Traditional Medicine Specification,
2406,IS 18194,2023,Gokshura Tribulus Terrestris L Root For Use In Traditional Medicine Specification,
2407,IS 18193,2023,Meshashringi Gymnema Sylvestre Rbr Leaf For Use In Traditional Medicine Specification,
2408,IS 18192,2023,Apamarga Achyranthes Aspera L Whole Plant For Use In Traditional Medicine Specification,
2409,IS 18186,2023,Mandukaparni Centella Asiatica L Urban Whole Plant For Use In Traditional Medicine Specification,
2410,IS 18170,2023,Shallaki Boswellia Serrata Roxb Exudate For Use In Traditional Medicine Specification,
2411,IS 18184,2023,Bhringaraja Eclipta Alba Hassk Whole Plant For Use In Traditional Medicine Specification,
2412,IS 18201,2023,Nimba Azadirachta Indica A Juss Flower For Use In Traditional Medicine Specification,
2413,IS 18178,2023,Kantakari Solanum Surattense Burm F Whole Plant For Use In Traditional Medicine Specification,
2414,IS 18177,2023,Kalamegha Andrographis Paniculata Burmf Wall Ex Nees Whole Plant For Use In Traditional Medicine Specification,
2415,IS 18176,2023,Maricha Piper Nigrum Linn Fruit For Use In Traditional Medicine Specification,
2416,IS 18175,2023,Guggulu Commiphora Wightii Arn Bhand Exudate For Use In Traditional Medicine Specification,
2417,IS 18173,2023,Daruharidra Berberis Aristata Dc Stem For Use In Traditional Medicine Specification,
2418,IS 18172,2023,Dhara Vrikshamla Garcinia Gummi-Gutta L Roxb Fruit For Use In Traditional Medicine Specification,
2419,IS 18185,2023,Katuka Picrorrhiza Kurroa Royle Ex Benth Rhizome For Use In Traditional Medicine Specification,
2420,IS 18209,2023,Shirisha Albizia Lebbeck L Benth Bark For Use In Traditional Medicine - Specification,
2421,IS 18226,2023,Soy Dahi (Non-Dairy Product) Ï¿½ Specification,
2422,IS 18196,2023,Gokshura Tribulus Terrestris L Whole Plant For Use In Traditional Medicine Specification,
2423,IS 18215,2023,Stainless Steel Neti Pot Specification,
2424,IS 18214,2023,Gokshura Tribulus Terrestris L Fruit For Use In Traditional Medicine Specification,
2425,IS 18213,2023,Bilva Aegle Marmelos L Corr Root For Use In Traditional Medicine Specification,
2426,IS 18212,2023,Bilva Aegle Marmelos L Corr Stem Bark For Use In Traditional Medicine Specification,
2427,IS 18195,2023,Methi Trigonella Foenum- Graecum L Seed For Use In Traditional Medicine Specification,
2428,IS 18210,2023,Bilva Aegle Marmelos L Corr Fruit Pulp For Use In Traditional Medicine Specification,
2429,IS 18197,2023,Nimba Azadirachta Indica A Juss Leaf For Use In Traditional Medicine Specification,
2430,IS 18208,2023,Shankhapushpi Convolvulus Pluricaulis Choisy Whole Plant For Use In Traditional Medicine Specification,
2431,IS 18206,2023,Nimba Azadirachta Indica A Juss Root Bark For Use In Traditional Medicine Specification,
2432,IS 18205,2023,Nirgundi Vitex Negundo L Dunal Leaf For Use In Traditional Medicine Specification,
2433,IS 18204,2023,Nimba Azadirachta Indica A Juss Stem Bark For Use In Traditional Medicine Specification,
2434,IS 18203,2023,Asana Pterocarpus Marsupium Roxb Heartwood For Use In Traditional Medicine Specification,
2435,IS 18202,2023,Nimba Azadirachta Indica A Juss Fruit For Use In Traditional Medicine Specification,
2436,IS 18228,2023,Soy Nuggets And Soy Granules-Specification,
2437,IS 18211,2023,Tamalaki Phyllanthus Fraternus Webst Whole Plant For Use In Traditional Medicine Specification,
2438,IS 5887 : Part 8 : Sec 2,2023,Methods For Detection Of Bacteria Responsible For Food Poisoning Part 8 Horizontal Method For The Enumeration Of Coagulase-Positive Staphylococci (Staphylococcus Aureus And Other Species) Sec 2: Method Using Rabbit Plasma Fibrinogen Agar Medium,
2439,IS 18246,2023,Ready Idli Batter - Specification,
2440,IS 18253,2023,Ready Dosa Batter - Specification,
2441,IS 18269,2023,Ready Dal Vada Batter - Specification,
2442,IS 10620,2023,Ready Dal Vada Mix - Specification,
2443,IS 10622,2023,Ready Dosa mix - Specification (First Revision),
2444,IS 2234,2023,Ready idli mix - Specification Second Revision,
2445,IS 18273 : Part 1,2023,Molecular Biomarker Analysis- Detection Of Animal-Derived Materials In Foodstuffs And Feedstuffs By Real-Time Pcr- Part 1: Bovine Dna Detection Method,
2446,IS 18273 : Part 2,2023,Molecular Biomarker Analysis- Detection Of Animal-Derived Materials In Foodstuffs And Feedstuffs By Real-Time Pcr- Part 2: Ovine Dna Detection Method,
2447,IS 18273 : Part 3,2023,Molecular Biomarker Analysis- Detection Of Animal-Derived Materials In Foodstuffs And Feedstuffs By Real-Time Pcr- Part 3: Porcine Dna Detection Method,
2448,IS 18273 : Part 4,2023,Molecular Biomarker Analysis- Detection Of Animal-Derived Materials In Foodstuffs And Feedstuffs By Real-Time Pcr- Part 4: Chicken Dna Detection Method,
2449,IS 18273 : Part 6,2023,Molecular Biomarker Analysis- Detection Of Animal-Derived Materials In Foodstuffs And Feedstuffs By Real-Time Pcr- Part 6: Horse Dna Detection Method,
2450,IS 18273 : Part 7,2023,Molecular Biomarker Analysis- Detection Of Animal-Derived Materials In Foodstuffs And Feedstuffs By Real-Time Pcr- Part 7: Donkey Dna Detection Method,
2451,IS 18273 : Part 8,2023,Molecular Biomarker Analysis- Detection Of Animal-Derived Materials In Foodstuffs And Feedstuffs By Real-Time Pcr- Part 8: Turkey Dna Detection Method,
2452,IS 18273 : Part 9,2023,Molecular Biomarker Analysis- Detection Of Animal-Derived Materials In Foodstuffs And Feedstuffs By Real-Time Pcr- Part 9: Goose Dna Detection Method,
2453,IS 1014,2023,Bone Meal Steamed Specification,
2454,IS 11238,2023,Hubs For Cane Knives - Specification,
2455,IS 1159,2023,Baking Powder - Specification,
2456,IS 14603,2023,Potato Grader Test Code,
2457,IS 8440,2023,Paddy Cleaners Test Code,
2458,IS 853,2023,Bone Meal Raw Specification,
2459,IS 11834,2023,Rice Milling- Symbols and Flow Diagram,
2460,IS 18273 : Part 5,2023,Molecular Biomarker Analysis- Detection of Animal-Derived Materials in Foodstuffs and Feedstuffs by Real-Time PCR - Part 5 Goat DNA Detection Method,
2461,IS 18286,2023,Agricultural Irrigation Equipment - Manually Operated Serviceable Plastics Valves - Specification,
2462,IS 12064,2023,Paddy Parboiling Code Of Practice,
2463,IS 9049,2023,Agricultural Produce Milling Machinerypaddy Dehusker Rubber Roll Type Test Code,
2464,IS 12198,2023,Sprockets for Sugar Industry- Specification,
2465,IS 4746,2023,"Transport of Dogs and Cats by Rail, Road and Air-Code of Practice",
2466,IS 6850,2023,Agar Microbiological Grade - Specification,
2467,IS 7536,2023,Soluble Starch Microbiological Grade - Specification,
2468,IS 7590,2023,Gelatin Microbiological Grade - Specification,
2469,IS 7591,2023,Malt Extract Microbiological Grade - Specification,
2470,IS 10972,2023,Code For Preparation Of Escherichia Coli Diagnostic Sera,
2471,IS 11061,2023,Code For Preparation Of Vibrio Cholerae Diagnostic Sera,
2472,IS 1163,2023,Chocolates - Specification,
2473,IS 5549,2023,Warfarin Bait Concentrates - Specification,
2474,IS 6400,2023,Tea - Preparation Of Liquor For Use In Sensory Tests,
2475,IS 11913,2023,Tert-Butylhydroquinone (Tbhq) Food Grade - Specification,
2476,IS 2697,2023,Ammonium Bicarbonate For Food Industry - Specification,
2477,IS 2962,2023,Methods Of Sampling And Test For Kattha,
2478,IS 5056,2023,Coal Tar Food Colours - Common Names,
2479,IS 7051,2023,Power Operated Maize Shellers - Specification,
2480,IS 15561 Amd. 1,2023,Amendment Number 1 to IS 15561,
2481,IS 899 Amd. 1,2023,Amendment Number 1 to IS 899,
2482,IS 18313,2023,Dehusker Sheller For Maize Specification,
2483,IS 18371,2023,Meat And Meat Products Determination Of Total Phosphorus Content,
2484,IS 1723,2023,Pork - Specification,
2485,IS 18350 : Part 1,2023,Microbiology Of The Food Chain - Horizontal Method For Determination Of Hepatitis A Virus And Norovirus Using Real-Time Rt-Pcr: Part 1- Method For Quantification,
2486,IS 16150 : Part 6,2023,Fish Feed - Specification - Part 6 Marine Carnivorous Fish Feed,
2487,IS 16150 : Part 7,2023,Fish Feed - Specification - Part 7 Tilapia Feed,
2488,IS 18348,2023,Microbiology Of The Food Chain - Horizontal Method For The Detection Of Pathogenic Yersinia Enterocolitica,
2489,IS 18349 : Part 1,2023,Microbiology Of The Food Chain - Horizontal Method For The Detection And Enumeration Of Clostridium Spp: Part 1 - Enumeration Of Sulfite-Reducing Clostridium Spp By Colony-Count Technique,
2490,IS 18350 : Part 2,2023,Microbiology Of The Food Chain - Horizontal Method For Determination Of Hepatitis A Virus And Norovirus Using Real-Time Rt-Pcr : Part 2 - Method For Detection,
2491,IS 18351,2023,Microbiology Of The Food Chain - Polymerase Chain Reaction Pcr For The Detection Of Food-Borne Pathogens - Detection Of Botulinum Type A B E And F Neurotoxin- Producing Clostridia,
2492,IS 18352,2023,Microbiology Of The Food Chain - Horizontal Methods For Surface Sampling,
2493,IS 18353,2023,Microbiology Of The Food Chain - Detection And Enumeration Of Cryptosporidium And Giardia In Fresh Leafy Green Vegetables And Berry Fruits,
2494,IS 18354,2023,Microbiology Of The Food Chain - Polymerase Chain Reaction Pcr For The Detection Of Food-Borne Pathogens - Detection Of Pathogenic Yersinia Enterocolitica And Yersinia Pseudotuberculosis,
2495,IS 18355,2023,Microbiology Of The Food Chain - Horizontal Method For The Immunoenzymatic Detection Of Staphylococcal Enterotoxins In Foodstuffs,
2496,IS 18356 : Part 1,2023,"Microbiology of the Food Chain - Requirements and Guidelines for Conducting Challenge Tests of food and Feed Products Part 1 Challenge Tests to Study Growth Potential, Lag Time and Maximum Growth Rate",
2497,IS 18356 : Part 2,2023,Microbiology of the Food Chain - Requirements and Guidelines for Conducting Challenge Tests of Food and Feed Products - Part 2 Challenge Tests to Study Inactivation Potential and Kinetic Parameters,
2498,IS 18357,2023,Microbiology Of The Food Chain Horizontal Method For The Detection Of Cronobacter Spp.,
2499,IS 18358,2023,Microbiology Of The Food Chain - Whole Genome Sequencing For Typing And Genomic Characterization Of Bacteria - General Requirements And Guidance,
2500,IS 18364,2023,Sensory Analysis Methodology Guidelines For The Measurement Of The Performance Of A Quantitative Descriptive Sensory Panel,
2501,IS 18365 : Part 1,2023,Sensory Analysis- General Guidance For The Staff Of A Sensory Evaluation Laboratory- Part 1: Staff Responsibilities,
2502,IS 18365 : Part 2,2023,Sensory Analysis- General Guidance For The Staff Of A Sensory Evaluation Laboratory- Part 2: Recruitment And Training Of Panel Leaders,
2503,IS 18367,2023,"Sensory Analysis- Methodology- General Guidance For Measuring Odour, Flavour And Taste Detection Thresholds By A Three-Alternative Forced- Choice (3-Afc) Procedure",
2504,IS 18368,2023,Sensory Analysis- Assessment (Determination And Verification) Of The Shelf Life Of Foodstuffs,
2505,IS 18369,2023,Sensory Analysis - General Guidance For The Application Of Sensory Analysis In Quality Control,
2506,IS 18370,2023,Sensory Analysis- Guidance On Substantiation For Sensory And Consumer Product Claims,
2507,IS 18372,2023,Sensory Analysis- Methodology- General Guidance For Establishing A Sensory Profile,
2508,IS 18383 : Part 1,2023,Equipment For Harvesting And Conservation Round Balers - Part 1 Terminology And Commercial Specifications,
2509,IS 1971,2023,Crop Protection Equipment - Hand-Operated Stirrup-Type - Specification,
2510,IS 11859,2023,Agricultural Tractors - Test Procedures - Turning And Clearance Diameters,
2511,IS 8132,2023,Tractors Machinery For Agriculture And Forestry Powered Lawn And Garden Equipment - Operators Manuals - Content And Format,
2512,IS 14136,2023,Package Bee Box - Specification,
2513,IS 1735 : Part 1,2023,Beehive Stand - Specification - Part 1 Folding Type,
2514,IS 7459,2023,Wasp Trap - Specification,
2515,IS 18363,2023,Zinc solubilizing bacterial inoculant (ZnSBI) - SPECIFICATION,
2516,IS 18389,2023,"Fipronil, Technical - Specification",
2517,IS 18390,2023,Fipronil + Acetamiprid Suspension Concentrate - Specification,
2518,IS 18391,2023,Fipronil + Thiamethoxam Suspension Concentrate - Specification,
2519,IS 18440,2023,Isoprothiolane + Fipronil Emulsifiable Concentrate - Specification,
2520,IS 18441,2023,"Lambdacyhalothrin + Thiamethoxam, ZC - Specification",
2521,IS 1009,2023,Maida - Specification,
2522,IS 1010,2023,Semolina (Suji or Rawa) - Specification,
2523,IS 11582,2023,Method for Sensory Evaluation of Pungency of Ginger by Scoville Units,
2524,IS 14350,2023,Code For Hygienic Conditions for Sugar Factories,
2525,IS 6031,2023,Calcium Propionate Food Grade - Specification,
2526,IS 8105,2023,Method for Sensory Evaluation of Pungency of Black Pepper by Scoville Heat Units,
2527,IS 16150 : Part 4,2023,Fish Feed - Specification - Part 4 Freshwater Prawn Feed,
2528,IS 966,2023,Desiccated Coconut - Specification,
2529,IS 19039,2023,Cleaner Cum Grader for Millets With Pre-cleaner - Specification and Test Code,
2530,IS 19040,2023,Millet Dehusker - Centrifugal Type - Specification and Test Code,
2531,IS 19041,2023,Destoner for Millets - Specification and Test Code,
2532,IS 19042,2023,Symbols and Flow Diagram for Primary Processing of Millets,
2533,IS 1165 (Hindi,2023,Whole Milk Powder - Language)                                 Specification (Hindi Language),
2534,IS 6399,2023,Construction of Coffee Seed Storage Structures - Code of Practice,
2535,IS 18499,2023,Tobacco and Tobacco Products - Determination of Tobacco-Specific Nitrosamines in Tobacco Products - Method Using LC-MS/MS,
2536,IS 18500,2023,Cigarettes - Determination of Tobacco-Specific Nitrosamines in Mainstream Cigarette Smoke - Method Using LC-MS/MS,
2537,IS 18501,2023,Cigarettes - Determination of the Smoke Condensate Retention Index of a Filter - Direct Spectrometric Method,
2538,IS 16121,2023,Tobacco and Tobacco Products - Atmosphere for Conditioning and Testing,
2539,IS 8182,2023,Conditions for Processed Meat Products-Hygienic Code of Practice,
2540,IS 18521,2023,Animal Feeding Stuffs - Determination of Potassium and Sodium Contents - Methods Using Flame- Emission Spectrometry,
2541,IS 18522,2023,Solvent Extracted Mustard and Rapeseed Oilcake (Meal) as Livestock Feed Ingredient - Specification,
2542,IS 18523,2023,Solvent Extracted Soybean Oilcake (Meal) as Livestock Feed Ingredient - Specification,
2543,IS 18524,2023,Whole Grain as Livestock Feed Ingredient - Specification,
2544,IS 18525,2023,Guar Korma as Livestock Feed Ingredient - Specification,
2545,IS 18527,2023,"Animal Feeding Stuffs - Determination of Monensin, Narasin and Salinomycin Contents - Liquid Chromatographic Method Using Post-Column Derivatization",
2546,IS 18528,2023,Animal Feeding Stuffs - Determination of Carbadox Content - Method Using High- Performance Liquid Chromatography,
2547,IS 19033,2023,Guar Chuni as Livestock Feed Ingredient - Specification,
2548,IS 10643,2023,Sensory Evaluation Procedure to Establish Guidelines for Open Dating Processed Food Products,
2549,IS 5960 : Part 1,2023,Meat and Meat Products - Methods of Test - Part 1 Determination of Nitrogen Content,
2550,IS 6558,2023,Cold Storage of Shell Eggs - Code of Practice,
2551,IS 18479,2024,Palm Kernel Fatty Acids - Specification,
2552,IS 11533,2024,Sheep Dressing Hooks - Specification,
2553,IS 11631,2024,Gambrels for Sheep and Goats - Specification,
2554,IS 12932,2024,"Atrazine, Technical - Specification",
2555,IS 14327,2024,Coconut Fenny - Specification,
2556,IS 14937,2024,Triazophos Emulsifiable Concentrate - Specification,
2557,IS 3811,2024,Alcoholic Drinks - Rum - Specification,
2558,IS 4100,2024,Alcoholic Drinks - Gin - Specification,
2559,IS 4449,2024,Alcoholic Drinks - Whisky - Specification,
2560,IS 5287,2024,Alcoholic Drinks - Country Spirit (Distilled) - Specification,
2561,IS 6559,2023,Ante-Mortem and Post-Mortem Inspection of Poultry - Code of Practice,
2562,IS 6628,2024,Slide Rails for Use in Abattoirs - Specification,
2563,IS 6950,2024,Pig Hook - Specification,
2564,IS 7049,2023,"Handling, Processing, Quality Evaluation and Storage of Poultry - Code of Practice",
2565,IS 7891,2024,Inedible Offals Trolley - Specification,
2566,IS 14326,2024,Cashew Fenny - Specification,
2567,IS 12189,2023,Sheep Spreaders - Specification,
2568,IS 12486,2023,Meat Inspection Table - Specification,
2569,IS 12487,2023,Offal Handling Table for Small Animals - Specification,
2570,IS 6782,2023,Hog Gambrels - Specification,
2571,IS 7053,2023,Meat and Meat Products - Basic Requirements for a Stall for Sale of Meat of Small and Large Animals,
2572,IS 7909,2023,Slaughter House Equipment - Electrical Stunning Tongs for Pigs - Specification,
2573,IS 13788,2024,"Kitazin, Technical - Specification",
2574,IS 5286,2024,Alcoholic Drinks - Vodka - Specification,
2575,IS 18464,2024,Alcoholic Drinks - Liqueurs - Specification,
2576,IS 18564 : Part 1,2024,Microbiology of the Food Chain - Horizontal Method for Detection and - Enumeration of Campylobacter spp. - Part 1 Detection Method,
2577,IS 18564 : Part 2,2024,Microbiology of the Food Chain - Horizontal Method for Detection and Enumeration of Campylobacter spp. - Part 2 Colony-Count Technique,
2578,IS 18567,2024,Microbiology of the Food Chain - Horizontal Method for the Enumeration of Psychrotrophic Microorganisms,
2579,IS 18569,2024,Microbiology of the Food Chain - Detection of Trichinella Larvae in Meat by Artificial Digestion Method,
2580,IS 18579,2024,Ametoctradin + Dimethomorph Suspension Concentrate (SC) - Specification,
2581,IS 18588,2024,Metrafenone Suspension Concentrate (SC) - Specification,
2582,IS 1157,2024,Barley Powder - Specification,
2583,IS 8539 : Part 1,2023,Meat Products and Meat Animals - Terminology - Part 1 Poultry,
2584,IS 11010,2024,Ziram Suspension Concentrate (SC) - Specification,
2585,IS 14552,2024,Thiophanate Methyl Wettable Powders - Specification,
2586,IS 4783,2024,Thiram Powder for Dry Seed Treatment - Specification,
2587,IS 17203 Amd. 1,2024,Amendment Number 1 to IS 17203,
2588,IS 10048,2024,Rice Length Grader- Specification and Test Code,
2589,IS 12931,2024,Atrazine Wettable Powder (WP)-Specification,
2590,IS 13332,2024,"Metribuzin, Technical- Specification",
2591,IS 13789,2024,"Kitazine, Granules- Specification",
2592,IS 14185,2024,"Diflubenzuron, Technical- Specification",
2593,IS 14186,2024,Diflubenzuron Wettable Powder (WP)-Specification,
2594,IS 3900,2024,"Ziram, Technical-Specification",
2595,IS 4320,2024,"Thiram, Technical-Specification",
2596,IS 4766,2024,Thiram Water Dispersible Powder for Slurry Seed Treatment-Specification,
2597,IS 8538,2024,Alcoholic Drinks-Toddy- Specification,
2598,IS 10507,2024,Paddy Separator - Specification and Test Code,
2599,IS 1156,2024,Pearl Barley - Specification,
2600,IS 11787,2024,Paddy Dehusker - Rubber Roller Type - Specification,
2601,IS 12396,2024,Paddy Cleaners - Specification,
2602,IS 12411,2024,Paddy Dehusker - Centrifugal Type - Specification,
2603,IS 12792,2024,Agricultural Produce Milling Machinery - Mini Rice Mill - Specification,
2604,IS 9555,2024,Rice Polisher - Specification,
2605,IS 253 (Hindi Language) ,2014,Specification for Common Salt (Hindi Language),
2606,IS 4391 : Part 1,2024,"Agricultural Tractors-Rear- Mounted Power Take-off Types 1, 2, 3 and 4 - Part 1 General Specifications, Safety Requirements, Dimensions for Master Shield and Clearance Zone - (ISO 500-1 : 2014, MOD)",
2607,IS 12502,2024,"Glyphosate, Technical- Specification",
2608,IS 12786,2024,Irrigation Equipment- Polyethylene Pipes for Irrigation Laterals-Specification,
2609,IS 13428,2024,Packaged Natural Mineral Water-Specification,
2610,IS 14543,2024,Packaged Drinking Water (other than Packaged Natural Mineral Water)-Specification,
2611,IS 1970,2024,Crop Protection Equipment- Hand-Operated Compression Knapsack Sprayer- Specification,
2612,IS 3898,2024,"Zineb, Technical-Specification",
2613,IS 3899,2024,Zineb Water Dispersible Powder-Specification,
2614,IS 9360,2024,"Carbofuran Granules, Encapsulated-Specification",
2615,IS 18566,2024,Microbiology of the Food Chain-Enumeration of Brochothrix spp.-Colony-Count Technique,
2616,IS 18621,2024,Cigarettes-Determination of Selected Carbonyls in the Mainstream Smoke of Cigarettes-Method Using High Performance Liquid Chromatography,
2617,IS 18624,2024,Cigarettes-Determination of Selected Volatile Organic Compounds in the Mainstream Smoke of Cigarettes-Method Using GC/MS,
2618,IS 18625 : Part 1,2024,Cigarettes-Determination of Benzo[A]Pyrene in Cigarette Mainstream Smoke Using GC/MS - Part 1 Method Using Methanol as Extraction Solvent,
2619,IS 18625 : Part 2,2024,Cigarettes-Determination of Benzo[a]Pyrene in Cigarette Mainstream Smoke Using GC/MS Part 2 Method Using Cyclohexane as Extraction Solvent,
2620,IS 18626,2024,Cigarettes-Determination of Selected Phenolic Compounds in Cigarette Mainstream Smoke Using HPLC-FLD,
2621,IS 18628,2024,Cigarettes-Determination of Ammonia in Cigarette Mainstream Smoke Using Ion Chromatography,
2622,IS 4931 : Part 3,2024,"Agricultural Tractors-Rear- Mounted Power Take-off Types 1, 2, 3 and 4 - Part 3 Main PTO Dimensions and Spline Dimensions, Location of PTO",
2623,IS 10317,2024,Evaluation of Soil Properties Relevant to Irrigation-Guide,
2624,IS 10449,2024,Freshwater Fish Seed and Ornamental Fish-Code for Transport,
2625,IS 12180 : Part 1,2024,Tractors for Agriculture and Forestry-Noise Measurement- Method of Test - Part 1 Noise at the Operator’s Position- Survey Method,
2626,IS 12180 : Part 2,2024,Tractors for Agriculture and Forestry-Noise Measurement- Method of Test - Part 2 Noise Emitted When in Motion,
2627,IS 14980 : Part 1,2024,Agricultural Tractors-Front- Mounted Equipment - Part 1 Power Take-off-Safety Requirements and Clearance Zone Around PTO,
2628,IS 17383 Amd. 2,2024,Amendment Number 2 to IS 17383,
2629,IS 5402 : Part 1 Amd. 1,2024,Amendment Number 1 to IS 5402 : Part 1,
2630,IS 5402 : Part 2 Amd. 1,2024,Amendment Number 1 to IS 5402 : Part 2,
2631,IS 5887 : Part 5 : Sec 1,2024,Amendment Number 1 to IS Amd. 1                                              5887 : Part 5 : Sec 1,
2632,IS 5887 : Part 6 Amd. 1,2024,Amendment Number 1 to IS 5887 : Part 6,
2633,IS 13581,2024,Agricultural Wheeled Tractors- Operators Seat-Laboratory Measurement of Transmitted Vibration,
2634,IS 14980 : Part 3,2024,Agricultural Tractors-Front- Mounted Equipment - Part 3 Power Take-off-General Specification and Location,
2635,IS 14980 : Part 4,2024,Agricultural Tractors-Front- Mounted Equipment -Part 4 Three-Point Linkage,
2636,IS 18600,2024,Pyraclostrobin Capsule Suspension (CS)-Specification,
2637,IS 18601,2024,Determination of Dithiocarbamate Pesticide Residues in Fruits and Vegetables-Method of Test,
2638,IS 18602,2024,Crop Protection Equipment- Droplet-Size Spectra from Atomizers-Measurement and Classification,
2639,IS 18604,2024,Thiophanate Methyl + Pyraclostrobin Flowable Suspension Concentrate- Specification,
2640,IS 1374,2024,Chicken Feeds-Specification,
2641,IS 14743,2024,Irrigation Equipment- Hydrocyclone Filters- Specification,
2642,IS 2923,2024,"Carmoisine, Food Grade- Specification",
2643,IS 6273 : Part 1,2024,Sensory Evaluation of Foods- Guide - Part 1 Optimum Requirements,
2644,IS 3494,2024,Pruning Secateur - Specification,
2645,IS 14606 Amd. 1,2024,Amendment Number 1 to IS 14606,
2646,IS 18678,2024,Drinks Based on Fermented Milk - Specification,
2647,IS 4931 : Part 2,2024,"Agricultural Tractors-Rear- Mounted Power Take-off Types 1, 2, 3 and 4 - Part 2 Narrow- Track Tractors, Dimensions for Master Shield and Clearance Zone - (ISO 500-2 : 2004, MOD)",
2648,IS 13186,2024,"Citric Acid, Food Grade- Specification",
2649,IS 13333,2024,Metribuzin Wettable Powder (WP)-Specification,
2650,IS 13678,2024,Isabgol-Specification,
2651,IS 14249,2024,"Etofenprox, Technical- Specification",
2652,IS 14250,2024,"Etofenprox, Emulsifiable Concentrate (EC)-Specification",
2653,IS 2559,2024,Garden Rake-Specification,
2654,IS 3122,2024,Combined Budding and Grafting Knife-Specification,
2655,IS 6386,2024,"Beta-Apo-8’-Carotenal, Food Grade-Specification",
2656,IS 6405,2024,"Canthaxanthine, Food Grade- Specification",
2657,IS 6544,2024,Wing Band for Poultry- Specification,
2658,IS 7898,2024,Manually-Operated Chaff Cutter-Specification and Test Code,
2659,IS 18674,2024,Tofu-Specification,
2660,IS 6797,2024,"Methyl Ester of Beta-Apo-8’- Carotenoic Acid, Food Grade- Specification",
2661,IS 7260,2024,"Ethyl Ester of eta-Apo-8’- Carotenoic Acid, Food Grade- Specification",
2662,IS 1151 (Hindi,2021,Refined Sugar-Specification - Language)                                    (Hindi Language),
2663,IS 3110 (Hindi,2015,Silver Leaf - Specification - Language)                                    (Hindi Language),
2664,IS 5861 (Hindi,2019,"Jam, Jellies and Marmalades- Language)                                    Specification - (Hindi Language)",
2665,IS 3092,2024,Rubber Draining and Tapping Knife-Specification,
2666,IS 3093,2024,Dah-Specification,
2667,IS 6022,2024,"Fast Green FCF, Food Grade- Specification",
2668,IS 18630 : Part 2,2024,"Spices and Condiments-Fennel Seed, Whole or Ground - Part 2 Sweet Fennel Seed- Specification (Foeniculum Vulgare Var. Panmorium)",
2669,IS 18668,2024,Stainless Steel Keg for Beer- Specification,
2670,IS 11459,2024,Power-Operated Chaff Cutter- Specification and Test Code,
2671,IS 1318,2024,Tapioca Flour-Specification,
2672,IS 1694,2024,"Tartrazine, Food Grade- Specification",
2673,IS 1695,2024,"Sunset Yellow, FCF, Food Grade-Specification",
2674,IS 1697,2024,"Erythrosine, Food Grade- Specification",
2675,IS 1698,2024,"Indigo Carmine, Food Grade- Specification",
2676,IS 2558,2024,"Ponceau 4R, Food Grade- Specification",
2677,IS 594,2024,Common Salt for Fish Curing- Specification,
2678,IS 6406,2024,"Brilliant Blue FCF, Food Grade- Specification",
2679,IS 6545,2024,Leg Band for Poultry- Specification,
2680,IS 18695,2024,Rice- Determination of the Potential Milling Yield from Paddy and from Husked Rice,
2681,IS 18714,2024,Conduct of Food Safety Assessment of Foods Derived from Recombinant-DNA Animals- Guideline,
2682,IS 18717,2024,Straw Management System (SMS) for Combine Harvesters- Performance Test Method,
2683,IS 18718,2024,Paddy Transplanter- Test Code and Recommendations on Selected Performance Characteristics,
2684,IS 14461,2024,Surface Covered Cultivation Structures- Glossary of Terms,
2685,IS 3753,2024,Alcoholic Drinks- Methods of Sampling,
2686,IS 6541,2024,Code for Hygienic Conditions for Preparation and Supply of Foods/Meals in Schools,
2687,IS 5406,2024,"Urea, Fertilizer Grade- Specification",
2688,IS 6025,2024,Knife Sections for Harvesting Machines-Specification,
2689,IS 10378,2024,Knife Back for Harvesting Machines-Specification,
2690,IS 10683,2024,Khurpi-Specification,
2691,IS 2565,2024,Animal Drawn Ridger- Specification,
2692,IS 3094,2024,Bill-hook-Specification,
2693,IS 8133 Amd. 1,2024,Amendment Number 1 to IS 8133,
2694,IS 15888 Amd. 1,2024,Amendment Number 1 to IS 15888,
2695,IS 10335,2024,Tobacco and Tobacco Products-Glossary of Terms,
2696,IS 11580,2024,Forestry Equipment-Glossary of Terms,
2697,IS 17626 Amd. 1,2024,Amendment Number 1 to IS 17626,
2698,IS 10520,2024,Agricultural Produce Milling Machinery-Emery Stones for Burr Flour Mills-Specification and Test Code,
2699,IS 14460,2024,Seed Processing Equipment- Gravity Separator-Specification and Test Code,
2700,IS 18630 : Part 1,2024,"Spices and Condiments-Fennel Seed, Whole or Ground - Part 1 Bitter Fennel Seed- Specification (Foeniculum Vulgare P. Miller Var. Vulgare)",
2701,IS 10892,2024,Recommendations for Aperture Size of Sieves for Seed Cleaners,
2702,IS 12833,2024,Agricultural Produce Milling Machinery- Roller Flour Mills - Terminology and Flow Diagram,
2703,IS 13793,2024,Agricultural Produce Milling Machinery-Milling of Pulses- Terminology and Flow Diagram,
2704,IS 18765,2024,Water Quality - Enumeration of Legionella,
2705,IS 18768,2024,Water Quality - Enumeration of Culturable Microorganisms - Colony Count by Inoculation in a Nutrient Agar Culture Medium,
2706,IS 18769,2024,Water Quality - Requirements for the Performance Testing of Membrane Filters Used for Direct Enumeration of Microorganisms by Culture Methods,
2707,IS 18770 : Part 1,2024,Water Quality - Detection and Enumeration of Bacteriophages - Part 1 Enumeration of F- specific RNA Bacteriophages,
2708,IS 18770 : Part 2,2024,Water Quality - Detection and Enumeration of Bacteriophages - Part 2 Enumeration of Somatic Coliphages,
2709,IS 18770 : Part 3,2024,Water Quality - Detection and Enumeration of Bacteriophages - Part 3 Validation of Methods for Concentration of Bacteriophages from Water,
2710,IS 18770 : Part 4,2024,Water Quality - Detection and Enumeration of Bacteriophages - Part 4 Enumeration of Bacteriophages Infecting Bacteroides fragilis,
2711,IS 18771,2024,Water Quality - Enumeration of Clostridium perfringens - Method Using Membrane Filtration,
2712,IS 18835,2024,Milk and Cheese - Determination of Hen’s Egg White Lysozyme Content by High Performance Liquid Chromatography,
2713,IS 18836,2024,Milk and Milk Products - Determination of Nitrogen Content - Determination of Protein and Non-Protein Nitrogen Content and True Protein Content Calculation (Reference Method),
2714,IS 18844,2024,Milk and Milk Products - Determination of Nitrogen Content - Routine Method Using Combustion According to the Dumas Principle,
2715,IS 18851,2024,Milk - Determination of Nitrogen Content - Block- Digestion Method (Semi-Micro Rapid Routine Method),
2716,IS 1114,2024,"Ammonium Chloride, Fertilizer Grade - Specification",
2717,IS 13922,2024,"Chelated Iron (Fe-EDTA), Agricultural Grade - Specification",
2718,IS 2491,2024,Food Hygiene - General Principles - Code of Practice,
2719,IS 3592,2024,Solvent Extracted Decorticated Cottonseed Meal (De-oiled Cake) as Livestock Feed Ingredient - Specification,
2720,IS 5560,2024,Compounded Feeds for Young Stock - Specification,
2721,IS 5960 : Part 13,2024,Meat and Meat Products - Methods of Test - Part 13 Detection of Condensed Phosphates,
2722,IS 18791,2024,"Calcite Powder (CaCO3), Animal Feed Grade - Specification",
2723,IS 18792,2024,Compounded Feed for Buffalo - Specification,
2724,IS 12829,2024,Mango Seed Kernel (Solvent Extracted) as Livestock Feed Ingredient - Specification,
2725,IS 13433 : Part 1,2024,Animal Feeding Stuffs - Determination of Calcium Content - Part 1 Titrimetric Method,
2726,IS 1699,2024,Food Colours - Methods of Sampling and Test,
2727,IS 3440,2024,Solvent Extracted Linseed Meal (De-oiled Cake) as Livestock Feed Ingredient - Specification,
2728,IS 3648,2024,Rice Bran as Livestock Feed Ingredient - Specification,
2729,IS 5837,2024,Hygienic Conditions for Soft Drink Manufacturing Units - Code of Practice,
2730,IS 619,2024,"Pruning and Slashing Knives, Hooked and Curved - Specification",
2731,IS 6969,2024,"Hygienic Conditions for Manufacture, Handling and Sale of Refrigerated Drinking Water and Ice for Human Consumption - Code of Practice",
2732,IS 9703,2024,Animal Feeds and Feeding Stuffs - Glossary of Terms,
2733,IS/ISO 22000 Amd. 1,2024,Amendment Number 1 to IS/ISO 22000,
2734,IS 13921,2024,"Chelated Zinc (Zn-EDTA), Agricultural Grade - Specification",
2735,IS 15219,2024,Aluminium Phosphide Powder Formulation - Specification,
2736,IS 9356,2024,Butachlor Emulsifiable Concentrate (EC) - Specification,
2737,IS 18873,2024,Afidopyropen Dispersible Concentrate-Specification,
2738,IS 18876,2024,Fluxapyroxad + Pyraclostrobin Suspension Concentrate- Specification,
2739,IS 13070,2024,"Alpha Naphthyl Acetic Acid, Technical-Specification",
2740,IS 13138,2024,Alpha Naphthyl Acetic Acid Soluble Concentrate (SL)- Specification,
2741,IS 15000,2024,Hazard Analysis and Critical Control Point (HACCP)- Requirements for Any Organization in the Food Chain,
2742,IS 1506,2024,Copper Oxychloride Dusting Powder-Specification,
2743,IS 1507,2024,Copper Oxychloride Water Dispersible Powder Concentrate-Specification,
2744,IS 1665,2024,Cuprous Oxide Water Dispersible Powder Concentrate-Specification,
2745,IS 1669,2024,Cuprous Oxide Dusting Powder (DP)-Specification,
2746,IS 5404,2024,"Sampling, Transport, Storage and Sample Preparation of Food Samples for Microbiological Analysis",
2747,IS 5527,2024,Layout Plan for Sugar Factory Laboratories,
2748,IS 8025,2024,"Monocrotophos, Technical- Specification",
2749,IS 8074,2024,"Monocrotophos, Soluble Concentrate (SL)-Specification",
2750,IS 9355,2024,"Butachlor, Technical- Specification",
2751,IS 18764,2024,Water Quality-Requirements for Establishing Performance Characteristics of Quantitative Microbiological Methods,
2752,IS 18843,2024,Canned Evaporated Milk- Determination of Tin Content- Method Using Graphite Furnace Atomic Absorption Spectrometry,
2753,IS 18845,2024,Integrated Pest Management- Requirements,
2754,IS 12190,2024,Sheep Bleeding Shackles- Specification,
2755,IS 15344,2024,Green Tea-Specification,
2756,IS 3062,2024,Crop Protection Equipment- Rocker Sprayer-Specification and Test Code,
2757,IS 3633,2024,Black Tea-Specification,
2758,IS 3652,2024,Crop Protection Equipment- Foot Sprayer-Specification and Test Code,
2759,IS 3906,2024,"Crop Protection Equipment- Hand-Operated Knapsack Sprayer, Piston Type- Specification and Test Code",
2760,IS 14442,2024,Agricultural Produce Milling Machinery - Burr Mill - Specification and Test Code,
2761,IS 14483 : Part 1,2024,Fertilizer and Chemical Injection System - Part 1 Venturi Injector - Specification,
2762,IS 18806,2024,Hydroponic Farming Production System- Requirements,
2763,IS 18807,2024,Artificial Lighting System for Protected Cultivation- Requirements,
2764,IS 18911,2024,Tobacco and Tobacco Products - Determination of Ammonia - Method Using Ion Chromatographic Analysis,
2765,IS 18934 : Part 1,2024,Determination of Individual and Total Sterols Contents - Gas Chromatographic Method - Part 1 Animal and Vegetable Fats and Oils,
2766,IS 18934 : Part 2,2024,Determination of Individual and Total Sterols Contents - Gas Chromatographic Method - Part 2 Olive Oils and Olive Pomace Oils,
2767,IS 548 : Part 3 : Sec 12,2024,Methods of Sampling and Test for Oils and Fats - Part 3 Advanced Instrumental Methods - Section 12 Determination of Fatty-Acid- Bound Chloropropanediols (MCPDs) and Glycidol by GC/MS - Method Using Fast Alkaline Transesterification and Measurement for 2-MC,
2768,IS/ISO 16634 : Part 1,2008,Food Products - Determination of the Total Nitrogen Content by Combustion According to the Dumas Principle and Calculation of the Crude Protein Content - Part 1 Oilseeds and Animal Feeding Stuffs,
2769,IS 11082,2024,Agricultural Tractors for Use in Wet Land Cultivation - Technical Requirements,
2770,IS 11538,2024,Design and Installation of Farm Drainage Pumping Plants - Code of Practice,
2771,IS 12953,2024,Drawbar for Agricultural Tractors - Link Type - Specification,
2772,IS 14403,2024,Agriculture Grade Iron Pyrites as Soil Amendment - Specification,
2773,IS 16200 Amd. 1,2024,Amendment Number 1 to IS 16200,
2774,IS 17854 Amd. 1,2024,Amendment Number 1 to IS 17854,
2775,IS 548 : Part 3 : Sec 4,2024,Amendment Number 1 to IS Amd. 1                                              548 : Part 3 : Sec 4,
2776,IS 11822,2024,Spark Arrester for Agricultural Tractors and Power Tillers - Methods of Test,
2777,IS 14791,2024,Prevention and Treatment of Blockage Problem in Drip Irrigation System - Code of Practice,
2778,IS 15921,2024,Crop Protection Equipment - Air-Assisted Sprayers - Dimensions of Nozzle Swivel Nuts,
2779,IS 15938,2024,Meat and Meat Products - Detection and Determination of Colouring Agents,
2780,IS 18267,2024,Food Serving Utensils Made from Agri By-products - Specification,
2781,IS 6840,2024,Preventive Maintenance of Agricultural Wheeled Tractors - Code of Practice,
2782,IS 7472,2024,Pig Feeds - Specification,
2783,IS 18286 Amd. 1,2024,Amendment Number 1 to IS 18286,
2784,IS 10684,2024,Tree Pruner - Specification,
2785,IS 5960 : Part 5,2024,Meat and Meat Products - Methods of Test - Part 5 Determination of Moisture Content (Reference Method),
2786,IS 12337,2024,Manually Operated Fertilizer Broadcaster Specification,
2787,IS 13487,2024,Irrigation Equipment - Emitters - Specification,
2788,IS 3029,2024,Castorseed Cake for Fertilizer Purposes - Specification,
2789,IS 15970 Amd. 1,2025,Amendment Number 1 to IS 15970,
2790,IS 6438,2025,Aluminium Phosphide Formulation - Specification,
2791,IS 10267,2025,Phenthoate Granules - Specification,
2792,IS 11800,2025,Artificial Vagina for Bovines - Specification,
2793,IS 1486,2025,"Copper Oxychloride, Technical - Specification",
2794,IS 16024,2025,Cigarettes - Determination of Carbon Monoxide in the Vapour Phase of Cigarette Smoke - NDIR Method,
2795,IS 1682,2025,"Cuprous Oxide (Fungicidal Grade), Technical - Specification",
2796,IS 3902,2025,"Dimethoate, Technical - Specification",
2797,IS 4750,2025,"Sorbitol Powder, Food Grade - Specification",
2798,IS 4818,2025,"Sorbic Acid, Food Grade - Specification",
2799,IS 5057,2025,"Potassium Nitrite, Food Grade - Specification",
2800,IS 5058,2025,"Trisodium Citrate, Food Grade - Specification",
2801,IS 5343,2025,"Butylated Hydroxyanisole, Food Grade - Specification",
2802,IS 5345,2025,"Sodium Saccharin, Food Grade - Specification",
2803,IS 6385,2025,"Saccharin, Food Grade - Specification",
2804,IS 6692,2025,Method of Milk Recording of Cattle,
2805,IS 7716,2025,Efficacy of Fumigation for Disinfestation of Foodgrains Stored in Domestic Bins - Method of Test,
2806,IS 8103,2025,Cleaning and Sterilization of Artificial Insemination Equipment - Code of Practice,
2807,IS 8291,2025,Specification for Phenthoate Emulsifiable Concentrates (Including Amendment No.1 & 2),
2808,IS 8293,2025,"Phenthoate, Technical - Specification",
2809,IS 5055,2025,"Lecithin, Food Grade - Specification",
2810,IS 5708,2025,"Sodium Tartrate, Food Grade - Specification",
2811,IS 6793,2025,"Fumaric Acid, Food Grade - Specification",
2812,IS 9970,2025,"Dicalcium Phosphate, Food Grade - Specification",
2813,IS 19181,2025,"Glacial Acetic Acid, Food Grade - Specification",
2814,IS 19091,2025,Good Aquaculture Practices for Sea Cage Farming - Requirements,
2815,IS 19147,2025,Cereals and Cereal Products - Common Wheat (Triticum aestivum L.) - Determination of Alveograph Properties of Dough at Constant Hydration from Commercial or Test Flours and Test Milling Methodology,
2816,IS 10950,2025,Phenthoate Dusting Powder (DP) - Specification,
2817,IS 11583,2025,Sensory Evaluation of Indian Made Foreign Liquors (IMFL) - Method of Test,
2818,IS 14348,2025,Code for Hygienic Conditions for Alcoholic Beverage Industry,
2819,IS 14483 : Part 2,2025,Fertilizer and Chemical Injection System - Part 2 Water-Driven Chemical Injector Pump - Specification,
2820,IS 3108,2025,Double Action Pruning Saw - Specification,
2821,IS 5409 : Part 1,2025,Agricultural Liming Materials as Soil Amendments - Specification - Part 1 Hydrated Lime and Burnt Lime,
2822,IS 5409 : Part 2,2025,Agricultural Liming Materials as Soil Amendments - Specification - Part 2 Limestone and Dolomite,
2823,IS 5701 : Part 1,2025,"Code for Breeding, Care, Management and Housing of Laboratory Animals - Part 1 Laboratory Mice and Rats",
2824,IS 5701 : Part 2,2025,"Code for Breeding, Care, Management and Housing of Laboratory Animals - Part 2 Laboratory Rabbits",
2825,IS 6030,2025,"Sodium Propionate, Food Grade - Specification",
2826,IS 6940,2025,Pesticides and Their Formulations - Methods of Test,
2827,IS 7863,2025,Fertilizer Physical Mixtures - Specification,
2828,IS 8558,2025,Neem Cake for Manuring - Specification,
2829,IS 1013,2025,"Triple Superphosphate, Fertilizer Grade - Specification",
2830,IS 5709,2025,"Calcium Saccharin, Food Grade - Specification",
2831,IS 16440 Amd. 2,2025,Amendment Number 2 to IS 16440,
2832,IS 19129,2025,Seeds and Grain Processing and Storage Engineering - Glossary of Terms,
2833,IS 17873 Amd. 1,2025,Amendment Number 1 to IS 17873,
2834,IS 17874 : Part 1 Amd. 1 ,2025,Amendment Number 1 to IS 17874 : Part 1,
2835,IS 18215 Amd. 1,2025,Amendment Number 1 to IS 18215,
2836,IS 13125,2025,Artificial Insemination Equipment - Goblets - Specification,
2837,IS 16959,2025,Spices and Condiments - Ground Sweet and Hot Paprika (Capsicum annuum L. and Capsicum frutescens L.) - Specification,
2838,IS 4333 : Part 5,2025,Methods of Analysis for Foodgrains - Part 5 Determination of Uric Acid,
2839,IS 19191,2025,Pearler Cum Polisher for Millets - Specification and Test Code,
2840,IS 14806 Amd. 1,2025,Amendment Number 1 to IS 14806,
2841,IS 16240 Amd. 1,2025,Amendment Number 1 to IS 16240,
2842,IS 17672 Amd. 1,2025,Amendment Number 1 to IS 17672,
2843,IS 18363 Amd. 1,2025,Amendment Number 1 to IS 18363,
2844,IS 8268 Amd. 1,2025,Amendment Number 1 to IS 8268,
2845,IS 9138 Amd. 1,2025,Amendment Number 1 to IS 9138,
2846,IS 18383 : Part 2,2025,Equipment for Harvesting and Conservation - Round Balers - Part 2 Performance Test Method,
2847,IS 19194,2025,Root and Tuber Vegetable Washer - Continuous Type - Specification and Test Code,
2848,IS 19195,2025,Good Aquaculture Practices for Marine Finfish Hatchery - Requirements,
2849,IS 19196,2025,Good Aquaculture Practices for Seaweed Cultivation - Requirements,
2850,IS 19197,2025,Ultrafiltration Membrane Based Point-of-Use Drinking Water Treatment System - Specification,
2851,IS 19219,2025,Tea Determination of Theaflavins in Black Tea- Method Using High Performance Liquid Chromatography,
2852,IS 10170,2025,"Byproduct Gypsum, Agricultural Grade - Specification",
2853,IS 15848,2025,"Zinc Sulphate, Monohydrate, Agricultural Grade - Specification",
2854,IS 16150 : Part 2,2025,Fish Feed - Specification - Part 2 Magur and Singhi Feed,
2855,IS 9024,2025,Granulated Fertilizer Mixtures - Specification,
2856,IS 19262,2025,Electric Agricultural Tractors - Test Code,
2857,IS 19214,2025,Transportation of Food Animal Carcasses from Abattoirs to Processing/Distribution Centres - Code of Practice,
2858,IS 11033,2025,Ridger Type Animal Drawn Potato Digger - Specification,
2859,IS 12363,2025,Track Width of Agricultural Tractors - Recommendations,
2860,IS 6024,2025,Guards for Harvesting Machines - Specification,
2861,IS 966 Amd. 1,2025,Amendment Number 1 to IS 966,
2862,IS 5975 Amd. 1,2025,Amendment Number 1 to IS 5975,
2863,IS 19272,2025,Rotary Animal Restrainer - Specification,
2864,IS 19287,2025,Sealed Silos for Storage of Foodgrains - Sealing Requirements,
2865,IS 8539 : Part 2,2025,Meat Products and Meat Animals - Terminology - Part 2 Other Than Poultry,
2866,IS 11019,2025,"Carbofuran, Technical - Specification",
2867,IS 11995,2025,Isoproturon Wettable Powder (WP) - Specification,
2868,IS 12769,2025,Thiobencarb Emulsifiable Concentrate (EC) - Specification,
2869,IS 12873,2025,Copper Oxychloride Oil Dispersible Powder (OP) - Specification,
2870,IS 3327,2025,Pedal-Operated Paddy Threshers - Specification,
2871,IS 3903,2025,Dimethoate Emulsifiable Concentrate (EC) - Specification,
2872,IS 9953,2025,"Glyceryl Monostearate, Food Grade - Specification",
2873,IS 12768,2025,"Thiobencarb, Technical - Specification",
2874,IS 19285,2025,"Guidelines for the Harvesting, Transportation, Separation of Stigma, Drying and Storage of Saffron before Packing",
2875,IS 885,2025,Pesticides and Other Agrochemicals - Common Names,
2876,IS 10747,2025,Hitch for Power Tiller - Dimensions,
2877,IS 12408,2025,"Gum Karaya, Food Grade - Specification",
2878,IS 13462,2025,"Ascorbyl Palmitate, Food Grade - Specification",
2879,IS 4752,2025,"Sodium Metabisulphite, Food Grade - Specification",
2880,IS 5342,2025,"Ascorbic Acid, Food Grade - Specification",
2881,IS 5707,2025,"Agar, Food Grade - Specification",
2882,IS 6120,2025,Total Dye Content in Food Colour Preparations - Methods of Test,
2883,IS 6794,2025,"Dodecyl Gallate, Food Grade - Specification",
2884,IS 6796,2025,"Propyl Gallate, Food Grade - Specification",
2885,IS 6798,2025,"Octyl Gallate, Food Grade - Specification",
2886,IS 7238,2025,"Tragacanth Gum, Food Grade - Specification",
2887,IS 7908,2025,"Sulphur Dioxide, Food Grade - Specification",
2888,IS 9971,2025,"Lactic Acid, Food Grade - Specification",
2889,IS 7237,2025,"Carob Bean Gum, Food Grade - Specification",
2890,IS 19199,2025,Sugar Cane Juice Screens - Specification,
2891,IS 19303,2025,"Tractors, Machinery for Agriculture and Forestry, Powered Lawn and Garden Equipment - Safety Labels - General Principles",
2892,IS 11711,2025,Criteria for Adoptability of Different Irrigation Methods - Recommendation,
2893,IS 11858,2025,Handle Grip for Power Tiller - Specification,
2894,IS 11905,2025,Shaft Assembly for Rotavator for Power Tiller - Specification,
2895,IS 12224,2025,Hydraulic Power and Lifting Capacity of Agricultural Tractors - Methods of Test,
2896,IS 1825,2025,Aluminium Alloy Milk Cans - Specification,
2897,IS 2342,2025,Manually Operated Milk Can Washer - Specification,
2898,IS 6684,2025,Milk Can Trolley - Specification,
2899,IS 19308,2025,Determination of Vitamin B12 in Food Using Liquid Chromatography and Tandem Mass Spectrometry (LC- MS/MS) - Method of Test,
2900,IS 5835,2025,Determination of Vitamin D in Fortified Vegetable Oils by Ultra-High Performance Liquid Chromatography and Tandem Mass Spectrometry (UHPLC- MS/MS) - Method of Test,
2901,IS 7234,2025,Determination of Vitamin B9 (Folates) in Foodstuffs by Ultra- High Performance Liquid Chromatography and Tandem Mass Spectrometry (UHPLC- MS/MS) - Method of Test,
2902,IS 9840,2025,Determination of Vitamin B5 (Pantothenic Acid) in Foodstuffs By Ultra-High Performance Liquid Chromatography and Tandem Mass Spectrometry (UHPLCMS/MS) Method of Test,
2903,IS 14349,2025,Code for Hygienic Conditions for Processing Units of Edible Oils and Fats,
2904,IS 7180,2025,Disposable Artificial Insemination Gloves - Specification,
2905,IS 6273 : Part 2,2025,Sensory Evaluation of Foods - Guide - Part 2 Methods and Evaluation Cards,
2906,IS 6273 : Part 3 : Sec 1,2025,Sensory Evaluation of Foods - Guide - Part 3 Statistical Analysis of Data - Section 1 Difference/Preference Tests,
2907,IS 7529,2025,Determination of Vitamin B12 in Foodstuffs by HPLC-UV - Method of Test,
2908,IS 8077,2025,Checking Temperature of Quick-Frozen Foods - Method of Test,
2909,IS 16424 Amd. 1,2025,Amendment Number 1 to IS 16424,
2910,IS 5887 : Part 8 : Sec 1,2025,Amendment Number 1 to IS Amd. 1                                              5887 : Part 8 : Sec 1,
2911,IS 5887 : Part 8 : Sec 2,2025,Amendment Number 1 to IS Amd. 1                                              5887 : Part 8 : Sec 2,
2912,IS 18349 : Part 2,2025,Microbiology of the Food Chain - Horizontal Method for the Detection and Enumeration of Clostridium Spp. - Part 2 Enumeration of Clostridium perfringens by Colony-Count Technique,
2913,IS 18349 : Part 3,2025,Microbiology of the Food Chain - Horizontal Method for the Detection and Enumeration of Clostridium Spp. - Part 3 Detection of Clostridium perfringens,
2914,IS 19200,2025,Water Quality - Isolation and Identification of Cryptosporidium Oocysts and Giardia Cysts from Water,
2915,IS 19333 : Part 1,2025,Water Quality - Detection and Enumeration of Pseudomonas aeruginosa - Part 1 Method by Membrane Filtration,
2916,IS 19333 : Part 2,2025,Water Quality - Detection and Enumeration of Pseudomonas aeruginosa - Part 2 Most Probable Number Method,
2917,IS 19338,2025,Water Quality - The Variability of Test Results and the Uncertainty of Measurement of Microbiological Enumeration Methods,
2918,IS 19342,2025,Water Quality - Detection and Enumeration of Thermotolerant Campylobacter Spp.,
2919,IS 19352,2025,Water Quality - Detection and Quantification of Legionella Spp. And/or Legionella pneumophila by Concentration and Genic Amplification by Quantitative Polymerase Chain Reaction (Qpcr),
2920,IS 19353,2025,Microbiology of the Food Chain - Sampling Techniques for Microbiological Analysis of Food and Feed Samples,
2921,IS 13334 : Part 2 (Hindi,2014,Skimmed Milk Powder Language)                                           Specification Part 2 Extra Grade - (Hindi Language),
2922,IS 13488 (Hindi,2008,Irrigation Equipment - Emitting Language)                                           Pipes System - Specification - (Hindi Language),
2923,IS 2447 (Hindi,2023,"Spices and Condiments - Language)                                           Cumin (Safed Jeera), Whole and Ground - Specification - (Hindi Language)",
2924,IS 2052 (Hindi,2023,Compounded Feeds for Cattle- Language)                                           Specification - (Hindi Language),
2925,IS 9821,2025,Farm Transport Equipment - Glossary,
2926,IS 19365,2025,Mating Nucleus Hive for Apis mellifera - Specification,
2927,IS 5975 Amd. 2,2025,Amendment Number 2 to IS 5975,
2928,IS 14433 (Hindi,2022,Infant Milk Substitutes - Language)                                           Specification - (Hindi Language),
2929,IS 1000 Amd. 1,2025,Amendment Number 1 to IS 1000,
2930,IS 10484 Amd. 1,2025,Amendment Number 1 to IS 10484,
2931,IS 1165 Amd. 1,2025,Amendment Number 1 to IS 1165,
2932,IS 1166 Amd. 1,2025,Amendment Number 1 to IS 1166,
2933,IS 1167 Amd. 1,2025,Amendment Number 1 to IS 1167,
2934,IS 12898 Amd. 1,2025,Amendment Number 1 to IS 12898,
2935,IS 13688 Amd. 1,2025,Amendment Number 1 to IS 13688,
2936,IS 13690 Amd. 1,2025,Amendment Number 1 to IS 13690,
2937,IS 14433 Amd. 2,2025,Amendment Number 2 to IS 14433,
2938,IS 15757 Amd. 2,2025,Amendment Number 2 to IS 15757,
2939,IS 1656 Amd. 2,2025,Amendment Number 2 to IS 1656,
2940,IS 17945 Amd. 1,2025,Amendment Number 1 to IS 17945,
2941,IS 2785 Amd. 1,2025,Amendment Number 1 to IS 2785,
2942,IS 4238 Amd. 1,2025,Amendment Number 1 to IS 4238,
2943,IS 4709 Amd. 1,2025,Amendment Number 1 to IS 4709,
2944,IS 5162 Amd. 1,2025,Amendment Number 1 to IS 5162,
2945,IS 5550 Amd. 1,2025,Amendment Number 1 to IS 5550,
2946,IS 7839 Amd. 1,2025,Amendment Number 1 to IS 7839,
2947,IS 9532 Amd. 1,2025,Amendment Number 1 to IS 9532,
2948,IS 9584 Amd. 1,2025,Amendment Number 1 to IS 9584,
2949,IS 9617 Amd. 1,2025,Amendment Number 1 to IS 9617,
2950,IS 19361,2025,Unmanned Aerial Spraying System - Requirements and Test Procedure,
2951,IS 19397,2025,Compounded Feed for Pregnant Cows and Buffaloes - Specification,
2952,IS 19396,2025,"Milk, Dried Milk Products and Cream - Determination of Fat Content - Gravimetric Method",
2953,IS 19434,2025,Mobile Agro-Processing Units for Food Grains - Safety Requirements,
2954,IS 19458,2025,Eggs and Egg Products - Determination of Fipronil and Metabolites Residues - Liquid Chromatography Tandem Mass Spectrometry Method,
2955,IS 19459,2025,Meat and Meat Products - Determination of Nitrite and Nitrate Content - Ion Chromatography Method,
2956,IS 11041,2025,Air-Screen Seed/Grain Cleaner - Specification and Test Code,
2957,IS 11623,2025,Dried Milk and Dried Milk Products - Determination of Moisture Content (Reference Method),
2958,IS 12758,2025,"Cheese and Processed Cheese Products, Caseins and Caseinates - Determination of Fat Content - Gravimetric Method",
2959,IS 13334 : Part 2,2025,Skimmed Milk Powder - Specification - Part 2 Extra Grade,
2960,IS 14542,2025,Partly Skimmed Milk Powder - Specification,
2961,IS 14724,2025,Ultraviolet Based Point of Use Water Disinfection System for Drinking Purposes - Specification,
2962,IS 15930 : Part 1,2025,Requirements for Good Agricultural Practices - IndiaGAP - Part 1 Crop Base,
2963,IS 1942,2025,Bone-Meal as Poultry Feed Supplement - Specification,
2964,IS 4307,2025,Fish Meal as Poultry Feed Ingredient Specification,
2965,IS 5065,2025,Meat Meal as Poultry Feed Ingredient - Specification,
2966,IS 6107,2025,Dried Silk Worm Pupae as Poultry Feed Ingredient - Specification,
2967,IS 7060,2025,Blood Meal as Poultry Feed Ingredient - Specification,
2968,IS 13334 : Part 1,2025,Skimmed Milk Powder - Specification - Part 1 Standard Grade,
2969,IS 1970 Amd. 1,2026,Amendment Number 1 to IS 1970,
2970,IS 2802 Amd. 1,2026,Amendment Number 1 to IS 2802,
2971,IS 10282,2026,Cage Wheel for Power Tillers - Specification,
2972,IS 12785,2026,Irrigation Equipment - Strainer- Type Filters - Specification,
2973,IS 19457,2026,Meat and Meat Products - Determination of Hydroxyproline Content,
2974,IS 11380,2026,Pesticide Residues Analysis in Agricultural and Food Commodities - Method of Sampling,
2975,IS 5804,2026,Poultry Beak Trimming Machine - Specification,
2976,IS 6690,2026,Blades for Rotary Tiller (Rotavator) - Specification,
2977,IS 1806 Amd. 1,2026,Amendment Number 1 to IS 1806,
2978,IS 10925,2026,Turmeric Oleoresin - Specification,
2979,IS 12004,2026,"Isoproturon, Technical - Specification",
2980,IS 1251,2026,"Zinc Phosphide, Technical - Specification",
2981,IS 13062,2026,Irrigation Equipment and Systems - Evaluation of Field Irrigation Efficiencies - Guidelines,
2982,IS 13329,2026,Triadimefon Wettable Powder (WP) - Specification,
2983,IS 13330,2026,"Bitertanol, Technical - Specification",
2984,IS 13331,2026,Bitertanol Wettable Powder (WP) - Specification,
2985,IS 13402,2026,"Anilophos, Technical - Specification",
2986,IS 14135,2026,Code for Hygienic Practices for Processing and Handling of Dehydrated Fruits and Vegetables Including Edible Fungi,
2987,IS 14482,2026,Irrigation Equipment - Polyethylene Micro Tubes for Drip Irrigation - Specification,
2988,IS 15279,2026,Sugar - Method of Test,
2989,IS 15937,2026,Meat and Meat Products - Determination of Chloramphenicol Content - Reference Method,
2990,IS 19432,2026,Dried Dill - Specification,
2991,IS 19439,2026,Spices and Condiments - Dried Sumac - Specification,
2992,IS 19440,2026,Dried Parsley (Petroselinum crispum) - Specification,
2993,IS 19576,2026,"Spices and condiments - Dried chive (Allium schoenoprasum L.), Cut and ground - Specification",
2994,IS 5672,2026,Mineral Mixtures for Supplementing Poultry Feeds - Specification,
2995,IS 5832,2026,Black Pepper Oleoresin - Specification,
2996,IS 7516,2026,Trap Nests for Poultry - Specification,
2997,IS 7826,2026,Ginger Oleoresin - Specification,
2998,IS 2336,2025,Stainless Steel Milk Vats - Specification,
2999,IS 2733,2025,Housing of Sheep and Goats - Code of Practice,
3000,IS 1486 Amd. 1,2026,Amendment Number 1 to IS 1486,
3001,IS 548 : Part 3 : Sec 1,2026,Amendment Number 1 to IS Amd. 1                                             548 : Part 3 : Sec 1,
3002,IS 15335 Amd. 2,2026,Amendment Number 2 to IS 15335,
3003,IS 15806 Amd. 4,2026,Amendment Number 4 to IS 15806,
3004,IS 10563,2026,"Mineral Oil (Medium Viscosity and High Viscosity), Food Grade - Specification",
3005,IS 10806,2026,Trailers for Power Tillers - Specification,
3006,IS 12576,2026,Seed/Grain Processing Machinery - Indented Cylinder Grader - Specification and Test Code,
3007,IS 1312,2026,Methyl Bromide - Specification,
3008,IS 13328,2026,"Triadimefon, Technical - Specification",
3009,IS 13373,2026,Grass Shear - Specification,
3010,IS 13454,2026,Pirimiphos-Methyl Wettable Powder (WP) - Specification,
3011,IS 13455,2026,Pirimiphos Methyl Emulsifiable Concentrate (Ec) - Specification,
3012,IS 13456,2026,Pirimiphos Methyl Space Spray - Specification,
3013,IS 13785,2026,Dodine Wettable Powder (WP) - Specification,
3014,IS 13790,2026,Kitazin Emulsifiable Concentrate (EC) - Specification,
3015,IS 14299,2026,Neem Extract Concentrate Containing Azadirachtin - Specification,
3016,IS 14549,2026,"Hexaconazole,Technical - Specification",
3017,IS 18568,2026,Microbiology of the Food Chain-Technical Requirements and Guidance on the Establishment or Revision of a Standardized Reference Method,
3018,IS 19514,2026,Crop Protection Equipment - Belly- Mounted Hand-Rotary Duster - Specification,
3019,IS 19532,2026,Dried Distillers Grain with Solubles (DDGS) as Livestock Feed Ingredient - Specification,
3020,IS 19562,2026,Maize or Corn Silage as Livestock Fodder - Specification,
3021,IS 19585,2026,Power Operated Coconut Dehusker - Specification and Test Code,
3022,IS 2557,2026,Annatto Colour for Food Products - Specification,
3023,IS 4447,2026,"Sodium Benzoate, Food Grade - Specification",
3024,IS 5191,2026,"Sodium Alginate, Food Grade - Specification",
3025,IS 548 : Part 3 : Sec 10,2026,Methods of Sampling and Test for Oils and Fats - Part 3 Advanced Instrumental Methods - Section 10 Determination of Fatty-Acid- Bound Chloropropanediols (MCPDs) and Glycidol by GC/MS - Method using Slow Alkaline Transesterification and Measurement for 2-MC,
3026,IS 548 : Part 3 : Sec 11,2026,"Methods of Sampling and Test for Oils and Fats - Part 3 Advanced Instrumental Methods - Section 11 Determination of Fatty-Acid- Bound Chloropropanediols (MCPDs) and Glycidol by GC/MS - Method using Acid Transesterification and Measurement for 2-MCPD, 3- MCP",
3027,IS 633,2026,DDT Emulsifiable Concentrate (EC) - Specification,
3028,IS 6542,2026,Hygienic Conditions for Fruit and Vegetable Canning Units - Code of Practice,
3029,IS 6795,2026,"Acacia (Arabic) Gum, Food Grade - Specification",
3030,IS 8153,2026,Sensory Evaluation of Fresh and Fresh-Cut Fruits - Method of Test,
3031,IS 8213,2026,Trailers for Agricultural Tractors - Specification,
3032,IS 8356,2026,"Titanium Dioxide, Food Grade - Specification",
3033,IS 8497,2026,Paraquat Dichloride Water Soluble Concentrate - Specification,
3034,IS 9358,2026,Triallate Emulsifiable Concentrate (EC) - Specification,
3035,IS 14332 Amd. 1,2026,Amendment Number 1 to IS 14332,
3036,IS 14647 Amd. 1,2026,Amendment Number 1 to IS 14647,
3037,IS 1577 Amd. 1,2026,Amendment Number 1 to IS 1577,
3038,IS 16897 Amd. 1,2026,Amendment Number 1 to IS 16897,
3039,IS 1769 : Part 2 Amd. 1,2026,Amendment Number 1 to IS 1769 : Part 2,
3040,IS 10232 Amd. 1,2026,Amendment Number 1 to IS 10232,
3041,IS 1578 Amd. 1,2026,Amendment Number 1 to IS 1578,
3042,IS 1769 : Part 1 Amd. 1,2026,Amendment Number 1 to IS 1769 : Part 1,
3043,IS 2111 Amd. 1,2026,Amendment Number 1 to IS 2111,
3044,IS 2344 Amd. 1,2026,Amendment Number 1 to IS 2344,
3045,IS 3041 Amd. 1,2026,Amendment Number 1 to IS 3041,
3046,IS 4463 Amd. 1,2026,Amendment Number 1 to IS 4463,
3047,IS 16432,2026,Microbiology of the food chain Polymerase chain reaction (PCR) for the detection and quantification of microorganisms - General Requirements and Definitions,
3048,IS 3652 Amd. 1,2026,Amendment Number 1 to IS 3652,
3049,IS 19515,2026,Spiral Separator - Specification and Test Code,
3050,IS 19556 : Part 2,2026,"Irrigation Techniques - Localised/Remote Monitoring and Control for Irrigation - Part 2 Tests - (ISO 21622-2 : 2023, MOD)",
3051,IS 19582,2026,"Vegetable Fats and Oils - Determination of Aflatoxin B1, B2, G1, G2 by Immunoaffinity Column Clean-up and High Performance Liquid Chromatography",
3052,IS 19586,2026,Biomass Pelletiser - Crank- Piston- Cylinder Type - Specification and Test Code,
3053,IS 19587,2026,Biomass Hammer Mill - Specification and Test Code,
3054,IS 19588,2026,Biomass Shredder - Specification and Test Code,
3055,IS 19589,2026,Plant Layout and Optimal Process for Production of Biomass Pellets - Guidelines,
3056,IS 19590,2026,Biomass Pelletiser - Ring Die Type - Specification and Test Code,
3057,IS 19770,2026,Slaughter House Waste Management - Code of Practice,
3058,IS 1050,2026,Lime Sulphur Solution - Specification,
3059,IS 11081,2026,Cage Wheel for Agricultural Tractors - Specification,
3060,IS 11442,2026,Agricultural Tractors - Drivers Field of Vision - Requirements,
3061,IS 12061,2026,Agricultural Tractors - Braking Performance - Method of Test,
3062,IS 12161,2026,Animal Carts - Test Code,
3063,IS 13080,2026,"Pirimiphos-Methyl, Technical - Specification",
3064,IS 13097,2026,"Fluvalinate, Technical - Specification",
3065,IS 13172,2026,Fluvalinate Emulsifiable Concentrate (EC) - Specification,
3066,IS 13403,2026,Anilophos Emulsifiable Concentrate (EC) - Specification,
3067,IS 13784,2026,"Dodine, Technical - Specification",
3068,IS 14300,2026,Neem Based EC Containing Azadirachtin - Specification,
3069,IS 1982,2026,Ante-Mortem and Post-Mortem Inspection of Meat Animals - Code of Practice,
3070,IS 3894,2026,Manually-Operated Comb Foundation Mill - Specification,
3071,IS 563,2026,"DDT, Technical - Specification",
3072,IS 5643,2026,Tobacco and Tobacco Products - Methods of Test,
3073,IS 565,2026,DDT Water Dispersible Powder Concentrate - Specification,
3074,IS 9863,2026,Nutrient Requirements for Poultry,
3075,IS 11604,2026,Woven (Mesh) Type Supporting Screens for Continuous Centrifugal Machines Used in Sugar Industry - Specification,
3076,IS 3916,2026,Pig Housing - Code of Practice,
3077,IS 8461,2026,Cane Knives - Specification,
3078,IS 19788,2026,"Clothianidin, Technical - Specification",
3079,IS 3906 Amd. 1,2026,Amendment Number 1 to IS 3906,
3080,IS 18718 Amd. 1,2026,Amendment Number 1 to IS 18718,
3081,IS 3062 Amd. 1,2026,Amendment Number 1 to IS 3062,
3082,IS 10273,2026,Labelling of Agricultural and Forestry Tractors - Guidelines,
3083,IS 12226,2026,Agricultural Tractors - Test Procedures - Power Tests for Drawbar,
3084,IS 19787,2026,Tea Bags - Specification,
3085,IS 12036,2026,Agricultural Tractors - Test Procedures - Power Tests for Power Take-Off,
3086,IS 12062,2026,Agricultural Tractors - Exhaust Smoke Emitted - Method of Measurement,
3087,IS 17905,2026,Animal Feeding Stuffs - Determination of Phytase Activity,
3088,IS 2072,2026,Comb Foundation for Apiculture - Specification,
3089,IS 548 : Part 1 : Sec 2,2026,Amendment Number 1 to IS Amd. 1                                             548 : Part 1 : Sec 2,
3090,IS 12410,2026,Soil Reclamation - Terminology,
3091,IS 14684,2026,Total Nitrogen and Nitrogen Compounds in Soils - Methods of Determination,
3092,IS 14685,2026,Total Sulphur and Sulphur Compounds in Soils - Methods of Determination,
3093,IS 15386,2026,Pressurized Irrigation Systems - Graphical Symbols,
3094,IS 19809,2026,Vegetable Oils - Determination of Mineral Oil Saturated Hydrocarbons (MOSH) and Mineral Oil Aromatic Hydrocarbons (MOAH) with Online-Coupled High Performance Liquid Chromatography-Gas Chromatography-Flame Ionization Detection (HPLC-GC FID) Analysis - Meth,
3095,IS 75,2026,"Linseed/Flaxseed Oil, Raw and Refined - Specification",
3096,IS 887,2026,Animal Tallow - Specification,
3097,IS 7219,2026,Determination of Protein by Kjeldahl Method in Foods and Feeds - Methods of Test,
3098,IS 10226 : Part 1,2026,Determination of Crude Fibre Content in Food Products - Method of Test - Part 1 General Method,
3099,IS 10226 : Part 2,2026,Determination of Crude Fibre Content in Food Products - Method of Test - Part 2 Modified Scharrer Method,
3100,IS 17113 : Part 7,2026,Microbiology of the Food Chain - Method Validation - Part 7 Protocol for the Validation of Identification Methods of Microorganisms,
3101,IS 19510,2026,"Ametryn, Technical - Specification",
3102,IS 19823,2026,"Potentiometric Determination of Chloride in Milk, Milk Products and Milk Based Nutrition Formulations (Infant and Adult) - Method of Test",
3103,IS 19843,2026,Microbiology of the Food Chain - Detection and Quantification of Histamine in Fish and Fishery Products - HPLC Method,
3104,IS 19844,2026,Microbiology of the Food Chain - Polymerase Chain Reaction (PCR) for the Detection of Microorganisms - Thermal Performance Testing of Thermal Cyclers,
3105,IS 19845,2026,Water Quality - Sampling for Microbiological Analysis,
3106,IS 19846,2026,Heat-Processed Foods in Hermetically Sealed Containers - Determination of Ph,
3107,IS 19847,2026,"Water Quality - Polymerase Chain Reaction (PCR) for the Detection and Quantification of Microorganisms and Viruses - General Requirements, Quality Assurance and Validation",
3108,IS 19848,2026,Water Quality - Requirements for the Comparison of the Relative Recovery of Microorganisms by Two Quantitative Methods,
3109,IS 19859,2026,Water Quality - Enumeration of Intestinal Enterococci - Most Probable Number Method,
3110,IS 19860,2026,Water Quality - Detection and Quantification of Legionella spp. and/or Legionella Pneumophila by Concentration and Genic Amplification by Quantitative Polymerase Chain Reaction (qPCR) - On-Site Methods,
3111,IS 19864,2026,Determination of Polar Pesticides in Raw Food Commodities of Plant Origin by Liquid Chromatography- Triple Quadrupole Mass Spectrometry - Method of Test,
3112,IS 19866,2026,Estimation of Paraquat and Diquat Residues in Plant Origin Products with Acidified Methanol Using LC-MS/MS - Method of Test,
3113,IS 17113 : Part 3 Amd. 1 ,2026,Amendment Number 1 to IS 17113 : Part 3,
3114,IS 17113 : Part 4 Amd. 1 ,2026,Amendment Number 1 to IS 17113 : Part 4,
3115,IS 18350 : Part 1 Amd. 1 ,2026,Amendment Number 1 to IS 18350 : Part 1,
3116,IS 18564 : Part 1 Amd. 1 ,2026,Amendment Number 1 to IS 18564 : Part 1,
3117,IS 18564 : Part 2 Amd. 1 ,2026,Amendment Number 1 to IS 18564 : Part 2,
3118,IS 18569 Amd. 1,2026,Amendment Number 1 to IS 18569,
3119,IS 14550,2026,Hexaconazole Emulsifiable Concentrate (EC) - Specification,
3120,IS 16122,2026,Microbiology of the Food Chain - General Requirements and Guidance for Microbiological Examinations,
3121,IS 9357,2026,"Triallate, Technical - Specification",
3122,IS 17425,2026,Irrigation Equipment - Quick Coupled Polyethylene Pipes and Fittings for Sprinkler Irrigation Systems - Specification,
3123,IS 5306,2026,"Sodium Carboxymethyl Cellulose, Food Grade - Specification",
3124,IS 7585,2026,Wines - Methods of Test,
3125,IS 8122 : Part 1,2026,Combine Harvester - Part 1 Terminology,
3126,IS 8122 : Part 2,2026,Combine Harvester - Part 2 Test Code,
3127,IS 9374,2026,Flour Milling Industry - Glossary,
3128,IS 19887,2026,"Monocalcium Phosphate, Animal Feed Grade - Specification",
3129,IS 11691,2026,Multi-Crop Thresher - Specification,
3130,IS 15831,2026,Power Operated Fruits and Vegetables Grader - Size Based - Specification and Test Code,
3131,IS 1973,2026,Sugarcane Juice Extractor - Specification and Test Code,
3132,IS 19888,2026,Compounded Feeds for Sheep and Goat - Specification,
3133,IS 19890,2026,Induction Based Air-Assisted Electrostatic Spraying System - Performance Test Method,
3134,IS 19892,2026,Agricultural Vehicles - Mechanical Coupling between Towed and Towing Vehicles - Requirements,
3135,IS 19910,2026,Animal Feeding Stuffs - Vocabulary,
3136,IS 19913,2026,Agricultural Produce Milling Machinery - Hammer Mill - Specification and Test Code,
3137,IS 2563,2026,Hedge Shears - Specification,
3138,IS 6092 : Part 6,2026,Methods of Sampling and Test for Fertilizers - Part 6 Determination of Moisture and Impurities,
3139,IS 6284,2026,Multi-Crop Thresher - Test Code,
3140,IS 7481,2026,Determination of Protein Efficiency Ratio (PER) - Method of Test,
3141,IS 7815,2026,Determination of Amino Acids in Foods and Feeds - Method of Test,
3142,IS 8168,2026,"Determination of Lysine, Methionine and Threonine in Food Grade Amino Acids and Premixes - Method of Test",
3143,IS 9373,2026,Bakery Industry - Glossary,
3144,IS 9019,2026,"Installation, Operation and Preventive Maintenance of Power Threshers - Code of Practice",
